Character	Code-point	Unicode Name	HTML Entity	CreatZy Code	Additional Keywords
# Quotation Marks & Brackets					
‘’	U+2018+2019	single quotation marks	&lsquo;&rsquo;, &lsquo;&rsquor;, &OpenCurlyQuote;&CloseCurlyQuote;	{}'	single curly quotes
‘	U+2018	left single quotation mark	&lsquo;, &OpenCurlyQuote;	{'	left single curly quote, open single curly quote
’	U+2019	right single quotation mark	&rsquo;, &rsquor;, &CloseCurlyQuote;	}'	right single curly quote, close single curly quote
“”	U+201C+201D	double quotation marks	&ldquo;&rdquo;, &ldquo;&rdquor;, &OpenCurlyDoubleQuote;&CloseCurlyDoubleQuote;	"{}"""	double curly quotes
“	U+201C	left double quotation mark	&ldquo;, &OpenCurlyDoubleQuote;	"{"""	left double curly quote, open double curly quote
”	U+201D	right double quotation mark	&rdquo;, &rdquor;, &CloseCurlyDoubleQuote;	"}"""	right double curly quote, close double curly quote
❛❜	U+275B+275C	heavy single comma quotation marks ornament		{}''	single curly quotes ornament
❛	U+275B	heavy single turned comma quotation mark ornament		{''	left single curly quote ornament, open single curly quote ornament
❜	U+275C	heavy single comma quotation mark ornament		}''	right single curly quote ornament, close single curly quote ornament
❝❞	U+275D+275E	heavy double comma quotation marks ornament		"{}"""""	double curly quotes ornament
❝	U+275D	heavy double turned comma quotation mark ornament		"{"""""	left double curly quote ornament, open double curly quote ornament
❞	U+275E	heavy double comma quotation mark ornament		"}"""""	right double curly quote ornament, close double curly quote ornament
‹›	U+2039+203A	single angle quotation marks	&lsaquo;&rsaquo;	{}.	single guillemets
‹	U+2039	single left-pointing angle quotation mark	&lsaquo;	{.	left single guillemet, open single guillemet
›	U+203A	single right-pointing angle quotation mark	&rsaquo;	}.	right single guillemet, close single guillemet
«»	U+00AB+00BB	double angle quotation marks	&laquo;&raquo;	{};	double guillemets
«	U+00AB	left-pointing double angle quotation mark	&laquo;	{;	left double guillemet, open double guillemet
»	U+00BB	right-pointing double angle quotation mark	&raquo;	};	right double guillemet, close double guillemet
⟨⟩	U+27E8+27E9	mathematical angle brackets	&lang;&rang;, &langle;&rangle;, &LeftAngleBracket;&RightAngleBracket;	{}[	
⟨	U+27E8	mathematical left angle bracket	&lang;, &langle;, &LeftAngleBracket;	{[	mathematical open angle bracket
⟩	U+27E9	mathematical right angle bracket	&rang;, &rangle;, &RightAngleBracket;	}]	mathematical close angle bracket
⟪⟫	U+27EA+27EB	mathematical double angle brackets	&Lang;&Rang;	{}{	
⟪	U+27EA	mathematical left double angle bracket	&Lang;	{{	mathematical open double angle bracket
⟫	U+27EB	mathematical right double angle bracket	&Rang;	}}	mathematical close double angle bracket
⸨⸩	U+2E28+2E29	double parentheses		{}(	
⸨	U+2E28	left double parenthesis		{(	open double parenthesis
⸩	U+2E29	right double parenthesis		})	close double parenthesis
# Puntuation Marks					
·	U+00B7	middle dot	&middot;, &centerdot;, &CenterDot;	.	center dot, Georgian comma, Greek middle dot, interpunct, interpoint
 	U+00A0	no-break space	&nbsp;, &NonBreakingSpace;	.nbsp	non-breaking space
␣	U+2423	open box	&blank;	.blank	blank
‑	U+2011	non-breaking hyphen		-	
–	U+2013	en dash	&ndash;	--	
—	U+2014	em dash	&mdash;	---	
―	U+2015	horizontal bar	&horbar;	---'	quotation dash
‒	U+2012	figure dash		-0	numerical separator
§	U+00A7	section sign	&sect;	.S	
¶	U+00B6	pilcrow sign	&para;	.P	paragraph sign
¡	U+00A1	inverted exclamation mark	&iexcl;	.i!	
¿	U+00BF	inverted question mark	&iquest;	.i?	turned question mark
‣	U+2023	triangular bullet		.>	
…	U+2026	horizontal ellipsis	&hellip;, &mldr;	...	three dot leader, m leader
※	U+203B	reference mark		.ref	
‼	U+203C	double exclamation mark		.!!	
‽	U+203D	interrobang		.!?	
# Mathematical Symbols					
±	U+00B1	plus-minus sign	&plusmn;, &pm;, &PlusMinus;	=+-	plus-or-minus sign
∓	U+2213	minus-or-plus sign	&mnplus;, &mp;, &MinusPlus;	=-+	minus-plus sign
×	U+00D7	multiplication sign	&times;	=x	times
÷	U+00F7	division sign	&divide;, &div;	=%	
⋇	U+22C7	division times	&divonx;, &divideontimes;	=x%	interunion
⋅	U+22C5	dot operator	&sdot;	=.	small dot
∙	U+2219	bullet operator		=.b	
∘	U+2218	ring operator	&compfn;, &SmallCircle;	=.f	composition function, small circle
°	U+00B0	degree sign	&deg;	=o	
∞	U+221E	infinity	&infin;	=8	
√	U+221A	square root	&radic;, &Sqrt;	=v	radical sign
∀	U+2200	for all	&forall;, &ForAll;	=A	
∃	U+2203	there exists	&exist;, &Exists;	=E	
∄	U+2204	there does not exist	&nexist;, &NotExists;, &nexists;	=!E	
∅	U+2205	empty set	&empty;, &emptyset;, &emptyv;, &varnothing;	=0	null set, empty variable, variable nothing
∂	U+2202	partial differential	&part;, &PartialD;	=d	
∈	U+2208	element of	&isin;, &isinv;, &Element;, &in;	=in	in set
∉	U+2209	not an element of	&notin;, &NotElement;, &notinva;	=!in	not in set
∋	U+220B	contains as member	&niv;, &ReverseElement;, &ni;, &SuchThat;	=ni	reversed element, reversed in set, such that
∌	U+220C	does not contain as member	&notni;, &notniva;, &NotReverseElement;	=!ni	not reversed element, not reversed in set
∏	U+220F	n-ary product	&prod;, &Product;	=P	product sign
∑	U+2211	n-ary summation	&sum;, &Sum;	=S	sum sign
∫	U+222B	integral	&int;, &Integral;	=Si	integral sign
∮	U+222E	contour integral	&conint;, &oint;, &ContourIntegral;	=Sio	circle integral sign
∩	U+2229	intersection	&cap;	=cap	cap
∪	U+222A	union	&cup;	=cup	cup
∥	U+2225	parallel to	&par;, &parallel;, &DoubleVerticalBar;, &spar;, &shortparallel;	=||	double vertical bar
⟂	U+27C2	perpendicular		=T	orthogonal to, perpendicular
≡	U+2261	identical to	&equiv;, &Congruent;	===	equivalent, congruent
≢	U+2262	not identical to	&nequiv;, &NotCongruent;	=!==	not equivalent, not congruent
≠	U+2260	not equal to	&ne;, &NotEqual;	=!=	different from
≈	U+2248	almost equal to	&asymp;, &ap;, &TildeTilde;, &approx;, &thkap;, &thickapprox;	=~	approximate
≅	U+2245	approximately equal to	&cong;, &TildeFullEqual;	=~=	congruent to
≆	U+2246	approximately but not actually equal to	&simne;	=~!=	similar but not equal to
≇	U+2247	neither approximately nor actually equal to	&ncong;, &NotTildeFullEqual;	=!~=	not congruent to
≏	U+224F	difference between	&bumpe;, &HumpEqual;, &bumpeq;	=b=	hump equals
≏̸	U+224F+0338	not difference between	&nbumpe;, &NotHumpEqual;, &bumpe;&#x338;, &HumpEqual;&#x338;, &bumpeq;&#x338;	=!b=	not hump equals
≟	U+225F	questioned equal to	&equest;, &questeq;	=?=	test equals
≤	U+2264	less-than or equal to	&le;, &leq;	=<=	
≥	U+2265	greater-than or equal to	&ge;, &GreaterEqual;, &geq;	=>=	
≪	U+226A	much less-than	&Lt;, &NestedLessLess;, &ll;	=<<	
≫	U+226B	much greater-than	&Gt;, &NestedGreaterGreater;, &gg;	=>>	
# Letterlike Symbols					
Α	U+0391	Greek capital letter Alpha	&Alpha;		Alpha, gre.A
Β	U+0392	Greek capital letter Beta	&Beta;		Beta, gre.B
Γ	U+0393	Greek capital letter Gamma	&Gamma;		Gamma, gre.G
Δ	U+0394	Greek capital letter Delta	&Delta;		Delta, gre.D
Ε	U+0395	Greek capital letter Epsilon	&Epsilon;		Epsilon, gre.E
Ζ	U+0396	Greek capital letter Zeta	&Zeta;		Zeta, Zêta, gre.Z
Η	U+0397	Greek capital letter Eta	&Eta;		Eta, Êta, gre.Ê
Θ	U+0398	Greek capital letter Theta	&Theta;		Theta, Thêta, gre.Th
Ι	U+0399	Greek capital letter Iota	&Iota;		Iota, gre.I
Κ	U+039A	Greek capital letter Kappa	&Kappa;		Kappa, gre.K
Λ	U+039B	Greek capital letter Lamda	&Lambda;		Lambda, gre.L
Μ	U+039C	Greek capital letter Mu	&Mu;		Mu, gre.M
Ν	U+039D	Greek capital letter Nu	&Nu;		Nu, gre.N
Ξ	U+039E	Greek capital letter Xi	&Xi;		Xi, gre.Ks
Ο	U+039F	Greek capital letter Omicron	&Omicron;		Omikron, gre.O
Π	U+03A0	Greek capital letter Pi	&Pi;		Pi, gre.P
Ρ	U+03A1	Greek capital letter Rho	&Rho;		Rho, gre.R
Σ	U+03A3	Greek capital letter Sigma	&Sigma;		Sigma, gre.S
Τ	U+03A4	Greek capital letter Tau	&Tau;		Tau, gre.T
Υ	U+03A5	Greek capital letter Upsilon	&Upsilon;		Upsilon, gre.U
Φ	U+03A6	Greek capital letter Phi	&Phi;		Phi, gre.F
Χ	U+03A7	Greek capital letter Chi	&Chi;		Chi, gre.Ch
Ψ	U+03A8	Greek capital letter Psi	&Psi;		Psi, gre.Ps
Ω	U+03A9	Greek capital letter Omega	&ohm;, &Omega;		Omega, Ômega, gre.Ô, Ohm sign
α	U+03B1	Greek small letter alpha	&alpha;		alpha, gre.gre.a
β	U+03B2	Greek small letter beta	&beta;		beta, gre.b
γ	U+03B3	Greek small letter gamma	&gamma;		gamma, gre.g
δ	U+03B4	Greek small letter delta	&delta;		delta, gre.d
ε	U+03B5	Greek small letter epsilon	&epsi;, &epsilon;		epsilon, gre.e
ϵ	U+03F5	Greek lunate epsilon symbol	&epsiv;, &varepsilon;, &straightepsilon;		variant epsilon, straight epsilon
϶	U+03F6	Greek reversed lunate epsilon symbol	&bepsi;, &backepsilon;		back epsilon
ζ	U+03B6	Greek small letter zeta	&zeta;		zeta, zêta, gre.z
η	U+03B7	Greek small letter eta	&eta;		eta, êta, gre.ê
θ	U+03B8	Greek small letter theta	&theta;		theta, thêta, gre.th
ι	U+03B9	Greek small letter iota	&iota;		iota, gre.i
κ	U+03BA	Greek small letter kappa	&kappa;		kappa, gre.k
λ	U+03BB	Greek small letter lamda	&lambda;		lambda, gre.l
μ	U+03BC	Greek small letter mu	&mu;		mu, gre.m
ν	U+03BD	Greek small letter nu	&nu;		nu, gre.n
ξ	U+03BE	Greek small letter xi	&xi;		xi, gre.ks
ο	U+03BF	Greek small letter omicron	&omicron;		omikron, gre.o
π	U+03C0	Greek small letter pi	&pi;		pi, gre.p
ρ	U+03C1	Greek small letter rho	&rho;		rho, gre.r
σ	U+03C3	Greek small letter sigma	&sigma;		sigma, gre.s
ς	U+03C2	Greek small letter final sigma	&sigmaf;, &sigmav;, &varsigma;		variant sigma
τ	U+03C4	Greek small letter tau	&tau;		tau, gre.t
υ	U+03C5	Greek small letter upsilon	&upsi;, &upsilon;		upsilon, gre.u
φ	U+03C6	Greek small letter phi	&phi;		phi, gre.f
ϕ	U+03D5	Greek phi symbol	&phiv;, &straightphi;, &varphi;		straight phi, variant phi, gre.ph
χ	U+03C7	Greek small letter chi	&chi;		chi, gre.ch
ψ	U+03C8	Greek small letter psi	&psi;		psi, gre.ps
ω	U+03C9	Greek small letter omega	&omega;		omega, ômega, gre.ô
ℂ	U+2102	double-struck capital C	&Copf;, &complexes;		Complex number, open-face capital C
ℋ	U+210B	script capital H	&Hscr;, &hamilt;, &HilbertSpace;		Hilbert space, Hamiltonian mechanics
ℌ	U+210C	black-letter capital H	&Hfr;, &Poincareplane;		Fraktur capital H, Poincare plane
ℍ	U+210D	double-struck capital H	&Hopf;, &quaternions;		Quaternion, open-face capital H
ℎ	U+210E	planck constant	&planckh;		
ℏ	U+210F	planck constant over two pi	&hbar;, &hslash;, &planck;, &plankv;		h bar, h slash, Planck variant
ℐ	U+2110	script capital I	&Iscr;, &imagline;		imaginary line
ℑ	U+2111	black-letter capital I	&Im;, &Ifr;, &image;, &imagpart;		Fraktur capital I, imaginary part
ℒ	U+2112	script capital L	&Lscr;, &lagran;, &Laplacetrf;		Lagrangian mechanics, Laplace transform
ℓ	U+2113	script small l	&ell;		mathematical ell
ℕ	U+2115	double-struck capital N	&Nopf;, &naturals;		Natural number, open-face capital N
№	U+2116	numero sign	&numero;		
℘	U+2118	script capital P	&wp;, &weierp;		power set, Weierstrass p
ℙ	U+2119	double-struck capital P	&Popf;, &primes;		prime number, open-face capital P
ℚ	U+211A	double-struck capital Q	&Qopf;, &rationals;		rational number, open-face capital Q
ℛ	U+211B	script capital R	&Rscr;, &realine;		Riemann integral, real line
ℜ	U+211C	black-letter capital R	&Re;, &Rfr;, &real;, &realpart;		Fraktur capital R, real part symbol
ℝ	U+211D	double-struck capital R	&Ropf;, &reals;		real number
℞	U+211E	prescription take	&rx;		Rx
ℤ	U+2124	double-struck capital Z	&Zopf;, &integers;		integer number
℧	U+2127	inverted ohm sign	&mho;		Mho
ℨ	U+2128	black-letter capital Z	&Zfr;, &zeetrf;		Fraktur capital Z, dram
ℬ	U+212C	script capital B	&Bscr;, &bernou;, &Bernoullis;		Bernoulli polynomials
ℭ	U+212D	black-letter capital C	&Cfr;, &Cayleys;		Fraktur capital C, 
ℯ	U+212F	script small e	&escr;		natural logarithm base, Euler's number, Napier's constant
ℰ	U+2130	script capital E	&Escr;, &expectation;		electromotive force, expected value
ℱ	U+2131	script capital F	&Fscr;, &Fouriertrf;		Fourier transform
ℳ	U+2133	script capital M	&Mscr;, &phmmat;, &Mellintrf;		Mellin transform, M-matrix
ℴ	U+2134	script small o	&oscr;, &order;, &orderof;		order, of inferior order to
ℵ	U+2135	alef symbol	&aleph;, &alefsym;		first transfinite cardinal
ℶ	U+2136	bet symbol	&beth;		beth symbol
ℸ	U+2138	dalet symbol	&daleth;		daleth symbol
ⅅ	U+2145	double-struck italic capital D	&DD;, &CapitalDifferentialD;		derivative symbol
ⅆ	U+2146	double-struck italic small d	&dd;, &DifferentialD;		differential symbol
ⅇ	U+2147	double-struck italic small e	&ee;, &exponentiale;, &ExponentialE;		
ⅈ	U+2148	double-struck italic small i	&ii;, &ImaginaryI;		imaginary unit
Å	U+00C5	Latin capital letter A with ring above	&angst;, &Aring;		
Å	U+212B	angstrom sign			Ångström sign
ℼ	U+213C	double-struck small pi			circle constant
ℾ	U+213E	double-struck capital Gamma			gamma function
ℿ	U+213F	double-struck capital Pi			product notation
⅀	U+2140	double-struck n-ary summation			summation notation
ⅉ	U+2149	double-struck italic small j			imaginary unit in physics
℃	U+2103	degree Celsius			
℉	U+2109	degree Fahrenheit			
⅏	U+214F	symbol for Samaritan source			
# Arrows					
⇔	U+21D4	left right double arrow	&hArr;, &Leftrightarrow;, &DoubleLeftRightArrow;, &iff;	/=\	iff, if and only if
⇒	U+21D2	rightwards double arrow	&rArr;, &Rightarrow;, &Implies;, &DoubleRightArrow;	/=	implies, imply
⇐	U+21D0	leftwards double arrow	&lArr;, &Leftarrow;, &DoubleLeftArrow;	\=	
⇑	U+21D1	upwards double arrow	&uArr;, &Uparrow;, &DoubleUpArrow;	/||	
⇓	U+21D3	downwards double arrow	&dArr;, &Downarrow;, &DoubleDownArrow;	\||	
⇏	U+21CF	rightwards double arrow with stroke	&nrArr;, &nRightarrow;	/!=	not implies, not imply
⇍	U+21CD	leftwards double arrow with stroke	&nlArr;, &nLeftarrow;	\!=	
⇌	U+21CC	rightwards harpoon over leftwards harpoon	&rlhar;, &rightleftharpoons;, &Equilibrium;	/_\_	equilibrium
⇋	U+21CB	leftwards harpoon over rightwards harpoon	&lrhar;, &ReverseEquilibrium;, &leftrightharpoons;	\_/_	reverse equilibrium
⇄	U+21C4	rightwards arrow over leftwards arrow	&rlarr;, &rightleftarrows;, &RightArrowLeftArrow;	/-\-	
⇆	U+21C6	leftwards arrow over rightwards arrow	&lrarr;, &leftrightarrows;, &LeftArrowRightArrow;	\-/-	
⇀	U+21C0	rightwards harpoon with barb upwards	&rharu;, &RightVector;, &rightharpoonup;	/_	right vector
⇁	U+21C1	rightwards harpoon with barb downwards	&rhard;, &rightharpoondown;, &DownRightVector;		down right vector
↼	U+21BC	leftwards harpoon with barb upwards	&lharu;, &LeftVector;, &leftharpoonup;		left vector
↽	U+21BD	leftwards harpoon with barb downwards	&lhard;, &leftharpoondown;, &DownLeftVector;	\_	down left vector
↾	U+21BE	upwards harpoon with barb rightwards	&uharr;, &upharpoonright;, &RightUpVector;		right up vector
↿	U+21BF	upwards harpoon with barb leftwards	&uharl;, &upharpoonleft;, &LeftUpVector;		left up vector
⇂	U+21C2	downwards harpoon with barb rightwards	&dharr;, &RightDownVector;, &downharpoonright;		right down vector
⇃	U+21C3	downwards harpoon with barb leftwards	&dharl;, &LeftDownVector;, &downharpoonleft;		left down vector
↔	U+2194	left right arrow	&harr;, &leftrightarrow;, &LeftRightArrow;, 	/-\	horizontal double-headed arrow
→	U+2192	rightwards arrow	&rarr;, &rightarrow;, &RightArrow;, &srarr;, &ShortRightArrow;, 	/-	
←	U+2190	leftwards arrow	&larr;, &leftarrow;, &LeftArrow;, &slarr;, &ShortLeftArrow;, 	\-	
↕	U+2195	up down arrow	&varr;, &updownarrow;, &UpDownArrow;, 	/|\	vertical double-headed arrow
↑	U+2191	upwards arrow	&uarr;, &uparrow;, &UpArrow;, &ShortUpArrow;, 	/|	
↓	U+2193	downwards arrow	&darr;, &downarrow;, &DownArrow;, &ShortDownArrow;, 	\|	
⇿	U+21FF	left right open-headed arrow	&hoarr;		horizontal open-headed arrow
⇾	U+21FE	rightwards open-headed arrow	&roarr;		
⇽	U+21FD	leftwards open-headed arrow	&loarr;		
↣	U+21A3	rightwards arrow with tail	&rarrtl;, &rightarrowtail;, 	/-/	
↢	U+21A2	leftwards arrow with tail	&larrtl;, &leftarrowtail;	\-\	
⤚	U+291A	rightwards arrow-tail	&ratail;		
⤙	U+2919	leftwards arrow-tail	&latail;		
↦	U+21A6	rightwards arrow from bar	&map;, &RightTeeArrow;, &mapsto;, 	/T	maps to, right tee arrow
↤	U+21A4	leftwards arrow from bar	&LeftTeeArrow;, &mapstoleft;, 	\T	maps to leftward, left tee arrow
↥	U+21A5	upwards arrow from bar	&UpTeeArrow;, &mapstoup;, 	/|T	maps to upward, up tee arrow
↧	U+21A7	downwards arrow from bar	&DownTeeArrow;, &mapstodown;	\|T	maps to downward, down tee arrow
⟷	U+27F7	long left right arrow	&xharr;, &longleftrightarrow;, &LongLeftRightArrow;	/--\	long double-headed arrow
⟶	U+27F6	long rightwards arrow	&xrarr;, &longrightarrow;, &LongRightArrow;	/--	
⟵	U+27F5	long leftwards arrow	&xlarr;, &longleftarrow;, &LongLeftArrow;	\--	
⟺	U+27FA	long left right double arrow	&xhArr;, &Longleftrightarrow;, &DoubleLongLeftRightArrow;	/==\	long double-headed double arrow
⟹	U+27F9	long rightwards double arrow	&xrArr;, &Longrightarrow;, &DoubleLongRightArrow;	/==	
⟸	U+27F8	long leftwards double arrow	&xlArr;, &Longleftarrow;, &DoubleLongLeftArrow;	\==	
⬌	U+2B0C	left right black arrow			
⮕	U+2B95	rightwards black arrow			rightwards thick arrow
⬅	U+2B05	leftwards black arrow			leftwards thick arrow
⬍	U+2B0D	up down black arrow			up down thick arrow
⬆	U+2B06	upwards black arrow			upwards thick arrow
⬇	U+2B07	downwards black arrow			downwards thick arrow
➡	U+27A1	black rightwards arrow			
➳	U+27B3	white-feathered rightwards arrow			
➻	U+27BB	heavy teardrop-shanked rightwards arrow			
↷	U+21B7	clockwise top semicircle arrow	&curarr;, &curvearrowright;, 		curve arrow right
↶	U+21B6	anticlockwise top semicircle arrow	&cularr;, &curvearrowleft;, 		curve arrow left
↻	U+21BB	clockwise open circle arrow	&orarr;, &circlearrowright;, 		circle arrow right, open right arrow
↺	U+21BA	anticlockwise open circle arrow	&olarr;, &circlearrowleft;		circle arrow left, open left arrow
⤾	U+293E	lower right semicircular clockwise arrow			
⤿	U+293F	lower left semicircular anticlockwise arrow			
⟳	U+27F3	clockwise gapped circle arrow			
⟲	U+27F2	anticlockwise gapped circle arrow			
# Circles & Dots					
⥁	U+2941	clockwise closed circle arrow		.o/	clockwise circle
⥀	U+2940	anticlockwise closed circle arrow		.o\	anticlockwise circle
◯	U+25EF	large circle	&xcirc;, &bigcirc;	.O	big circle
○	U+25CB	white circle	&cir;	.o	empty circle
●	U+25CF	black circle		.o*	filled circle
⦾	U+29BE	circled white bullet	&olcir;	.oO	circled light circle, double circle
⊚	U+229A	circled ring operator	&ocir;, &circledcirc;	=oo	double circle operator
◎	U+25CE	bullseye		.oo	small double circle
◉	U+25C9	fisheye		.O*	small circled bullet
⦿	U+29BF	circled bullet	&ofcir;	.o+	
☉	U+2609	Sun		.o.	circled dot, target circle
⊙	U+2299	circled dot operator	&odot;, &CircleDot;	=o.	target circle operator
•	U+2022	bullet	&bull;, &bullet;	.*	black small circle
◦	U+25E6	white bullet		.+	hollow bullet
⚬	U+26AC	medium small white circle			
⬤	U+2B24	black large circle			
⬭	U+2B2D	white horizontal ellipse			
⬯	U+2B2F	white vertical ellipse			
⬬	U+2B2C	black horizontal ellipse			
⬮	U+2B2E	black vertical ellipse			
⌀	U+2300	diameter sign			
ø	U+00F8	Latin small letter o with stroke	&oslash;		Latin small letter o slash
Ø	U+00D8	Latin capital letter O with stroke	&Oslash;		Latin capital letter O slash
©	U+00A9	copyright sign	&copy;, &COPY;	.(C)	
🄯	U+1F12F	copyleft symbol		.(CL)	
®	U+00AE	registered sign	&reg;, &circledR;, &REG;	.(R)	registered trademark symbol
℗	U+2117	sound recording copyright	&copysr;	.(P)	phonogram copyright symbol
# Emoji					
🙂	U+1F642	slightly smiling face		:-)	smile
😊	U+1F60A	smiling face with smiling eyes		:)	flushed, crush, embarrassed
☺️	U+263A+FE0F	smiling face		:-}	blush, massage, happiness
😉	U+1F609	winking face		;)	mischievous, secret
😀	U+1F600	grinning face		:-))	grin
😃	U+1F603	smiling face with open mouth		:-D	grinning face with big eyes, happy, haha
😄	U+1F604	smiling face with open mouth and smiling eyes		:))	grinning face with smiling eyes, joy, funny
😁	U+1F601	grinning face with smiling eyes		:D	beaming face with smiling eyes, kawaii
😆	U+1F606	smiling face with open mouth and tightly-closed eyes		:XD	grinning squinting face, lol, satisfied, glad
😅	U+1F605	smiling face with open mouth and cold sweat		:’D	grinning face with sweat, hot, laugh, relief
🤣	U+1F923	rolling on the floor laughing		:’XD	rolling, floor, laughing, rofl
😂	U+1F602	face with tears of joy		:”D	cry, weep, happytears
😗	U+1F617	kissing face		:-*	
😚	U+1F61A	kissing face with closed eyes		:*	infatuation
😙	U+1F619	kissing face with smiling eyes		:^*	
😘	U+1F618	face throwing a kiss		:*3	face blowing a kiss, valentines
🥰	U+1F970	smiling face with smiling eyes and three hearts		:)3	smiling face with hearts, love, hearts, adore
😍	U+1F60D	smiling face with heart-shaped eyes		:o3	smiling face with heart-eyes, affection
🙃	U+1F643	upside-down face		:(-:	flipped
😟	U+1F61F	worried face		:^(	concern
🙁	U+1F641	slightly frowning face		:(	frowning
☹️	U+2639+FE0F	frowning face		:-(	upset, frown
😮	U+1F62E	face with open mouth		:O	surprise, impressed, wow, whoa
😯	U+1F62F	hushed face		:o	woo, shh
😲	U+1F632	astonished face		:0	xox, surprised, poisoned
😦	U+1F626	frowning face with open mouth		:-(o	aw, what
😧	U+1F627	anguished face		:(o	stunned
😋	U+1F60B	face savouring delicious food		:)p	face savoring food, yummy, nom, delicious, savouring
😛	U+1F61B	face with stuck-out tongue		:p	face with tongue, prank
😜	U+1F61C	face with stuck-out tongue and winking eye		;p	winking face with tongue, childish, wink
🤪	U+1F92A	grinning face with one large and one small eye		:/p	zany face, goofy, crazy
😝	U+1F61D	face with stuck-out tongue and tightly-closed eyes		:xp	squinting face with tongue, playful
🤑	U+1F911	money-mouth face		:p$	rich
😐	U+1F610	neutral face		:-|	indifference, meh, neutral
😑	U+1F611	expressionless face		:|	indifferent, deadpan
😶	U+1F636	face without mouth		:	
😕	U+1F615	confused face		:(/	huh, weird
🫤	U+1FAE4	face with diagonal mouth		:/	skeptic, confuse
😥	U+1F625	disappointed but relieved face		:,(	sad but relieved face, phew
😢	U+1F622	crying face		:’(	tears
😭	U+1F62D	loudly crying face		:”(	sobbing
🤐	U+1F910	zipper-mouth face		:#	sealed, zipper
🤫	U+1F92B	face with finger covering closed lips		:!	shushing face, quiet, shhh
🤔	U+1F914	thinking face		:?	hmmm, think, consider
🫡	U+1FAE1	saluting face		:!!	respect, salute
😎	U+1F60E	smiling face with sunglasses		:B)	cool, summer, beach, sunglass
🤓	U+1F913	nerd face		:B.)	nerdy, geek, dork
🧐	U+1F9D0	face with monocle		:%	stuffy, wealthy
😵	U+1F635	dizzy face		:xx	face with crossed-out eyes, spent, unconscious
😵‍💫	U+1F635+200D+1F4AB	face with spiral eyes		:@@	nauseous, nausea
😡	U+1F621	pouting face		:>:[	enraged face, hate, despise
😠	U+1F620	angry face		:>:(	mad, annoyed
❤️	U+2764+FE0F	red heart		..<3	
👍	U+1F44D	thumbs up sign		..+^	thumbs up, thumbsup, yes, accept, +1
👎	U+1F44E	thumbs down sign		..-v	thumbs down, thumbsdown, dislike, -1
⬆️	U+2B06+FE0F	up arrow		../|	continue
➡️	U+27A1+FE0F	right arrow		../-	next
⬇️	U+2B07+FE0F	down arrow		..\|	bottom
⬅️	U+2B05+FE0F	left arrow		..\-	previous
⭕	U+2B55	heavy large circle		..O	hollow red circle
♾️	U+267E+FE0F	infinity		..8	forever
☑️	U+2611+FE0F	check box with check		..v@	ok, confirm, black-square
✔️	U+2714+FE0F	check mark		..v	nike, tick
❌	U+274C	cross mark		..x	delete, remove, cancel
❎	U+274E	negative squared cross mark		..x@	cross mark button, deny
♎	U+264E	libra		..=b=	Libra
# Additional Emoji					
🫠	U+1FAE0	melting face			heat
😇	U+1F607	smiling face with halo			angel, halo, innocent
🤩	U+1F929	grinning face with star eyes			star-struck, starry, grinning
🥲	U+1F972	smiling face with tear			pretend
🤗	U+1F917	hugging face			smiling face with open hands, hug
🤭	U+1F92D	smiling face with smiling eyes and hand covering mouth			face with hand over mouth, whoops, shock
🫢	U+1FAE2	face with open eyes and hand over mouth			silence
🫣	U+1FAE3	face with peeking eye			frightening
🤨	U+1F928	face with one eyebrow raised			face with raised eyebrow, distrust, scepticism, disapproval, disbelief, suspicious
🫥	U+1FAE5	dotted line face			invisible, lonely, isolation, depression
😶‍🌫️	U+1F636+200D+1F32B+FE0F	face in clouds			steam, dream
😏	U+1F60F	smirking face			mean, smug, sarcasm
😒	U+1F612	unamused face			bored, straight face, serious, unimpressed, skeptical, dubious, ugh
🙄	U+1F644	face with rolling eyes			eyeroll, frustrated
😬	U+1F62C	grimacing face			grimace
😮‍💨	U+1F62E+200D+1F4A8	face exhaling			relieve, sigh
🤥	U+1F925	lying face			lie, pinocchio
🫨	U+1FAE8	shaking face			blurry, earthquake
🙂‍↔️	U+1F642+200D+2194+FE0F	head shaking horizontally			disapprove, indiffernt
🙂‍↕️	U+1F642+200D+2195+FE0F	head shaking vertically			down, nod
😌	U+1F60C	relieved face			relaxed
😔	U+1F614	pensive face			sad, depressed
😪	U+1F62A	sleepy face			tired, rest, nap
🤤	U+1F924	drooling face			
😴	U+1F634	sleeping face			sleepy
😷	U+1F637	face with medical mask			sick, ill, disease, covid
🤒	U+1F912	face with thermometer			temperature, cold, fever
🤕	U+1F915	face with head-bandage			injured, clumsy, bandage
🤢	U+1F922	nauseated face			vomit, gross, green, throw up
🤮	U+1F92E	face with open mouth vomiting			face vomiting
🤧	U+1F927	sneezing face			gesundheit, sneeze, allergy
🥵	U+1F975	overheated face			hot face, feverish, sweating
🥶	U+1F976	freezing face			cold face, blue, freezing, frozen, frostbite, icicles
🥴	U+1F974	face with uneven eyes and wavy mouth			woozy face, intoxicated, tipsy, wavy
🤯	U+1F92F	shocked face with exploding head			exploding head, shocked, mind, blown
🤠	U+1F920	face with cowboy hat			cowboy hat face, cowgirl, hat
🥳	U+1F973	face with party horn and party hat			partying face, celebration, woohoo
🥸	U+1F978	disguised face			pretent, brows
😳	U+1F633	flushed face			shy, flattered
🥺	U+1F97A	face with pleading eyes			pleading face, begging, mercy, grievance
🥹	U+1F979	face holding back tears			touched, gratitude
😨	U+1F628	fearful face			scared, terrified
😰	U+1F630	face with open mouth and cold sweat			anxious face with sweat, nervous, sweat
😱	U+1F631	face screaming in fear			munch, omg
😖	U+1F616	confounded face			confused, unwell
😣	U+1F623	persevering face			no, oops
😞	U+1F61E	disappointed face			
😓	U+1F613	face with cold sweat			downcast face with sweat, exercise
😩	U+1F629	weary face			
😫	U+1F62B	tired face			whine
🥱	U+1F971	yawning face			
😤	U+1F624	face with look of triumph			face with steam from nose, gas, proud, pride, triumph
🤬	U+1F92C	serious face with symbols covering mouth			face with symbols on mouth, swearing, cursing, cussing, profanity, expletive
😈	U+1F608	smiling face with horns			devil
👿	U+1F47F	imp			angry face with horns, horns
💀	U+1F480	skull			dead, creepy, dead
☠️	U+2620+FE0F	skull and crossbones			poison, deadly, scary
💩	U+1F4A9	pile of poo			hankey, shitface, fail, turd, shit
🤡	U+1F921	clown face			
👹	U+1F479	Japanese ogre			ogre, monster, mask, demon
👺	U+1F47A	Japanese goblin			goblin, red
👻	U+1F47B	ghost			halloween, spooky
👽	U+1F47D	extraterrestrial alien			alien, UFO, paul
👾	U+1F47E	alien monster			game, arcade
🤖	U+1F916	robot face			robot, computer, machine, bot
😺	U+1F63A	smiling cat face with open mouth			grinning cat, animal
😸	U+1F638	grinning cat face with smiling eyes			grinning cat with smiling eyes, cats
😹	U+1F639	cat face with tears of joy			cat with tears of joy
😻	U+1F63B	smiling cat face with heart-shaped eyes			smiling cat with heart-eyes
😼	U+1F63C	cat face with wry smile			cat with wry smile, smirk
😽	U+1F63D	kissing cat face with closed eyes			kissing cat
🙀	U+1F640	weary cat face			weary cat, scream
😿	U+1F63F	crying cat face			crying cat
😾	U+1F63E	pouting cat face			pouting cat
🙈	U+1F648	see-no-evil monkey			nature
🙉	U+1F649	hear-no-evil monkey			
🙊	U+1F64A	speak-no-evil monkey			
💌	U+1F48C	love letter			email
💘	U+1F498	heart with arrow			
💝	U+1F49D	heart with ribbon			
💖	U+1F496	sparkling heart			
💗	U+1F497	growing heart			like
💓	U+1F493	beating heart			pink
💞	U+1F49E	revolving hearts			
💕	U+1F495	two hearts			
💟	U+1F49F	heart decoration			purple-square
❣️	U+2763+FE0F	heart exclamation			decoration
💔	U+1F494	broken heart			sorry, break, heartbreak
❤️‍🔥	U+2764+FE0F+200D+1F525	heart on fire			passionate, enthusiastic
❤️‍🩹	U+2764+FE0F+200D+1FA79	mending heart			broken heart, wounded
🩷	U+1FA77	pink heart			
🧡	U+1F9E1	orange heart			
💛	U+1F49B	yellow heart			
💚	U+1F49A	green heart			
💙	U+1F499	blue heart			
🩵	U+1FA75	light blue heart			baby blue
💜	U+1F49C	purple heart			
🤎	U+1F90E	brown heart			
🖤	U+1F5A4	black heart			evil
🩶	U+1FA76	grey heart			silver, monochrome
🤍	U+1F90D	white heart			pure
💋	U+1F48B	kiss mark			lips
💯	U+1F4AF	hundred points symbol			hundred points, score, perfect, century, exam, quiz, hundred
💢	U+1F4A2	anger symbol			angry
💥	U+1F4A5	collision symbol			collision, explode, explosion
💫	U+1F4AB	dizzy symbol			dizzy, shoot
💦	U+1F4A6	splashing sweat symbol			sweat droplets, water
💨	U+1F4A8	dash symbol			dashing away, wind, air, fast, shoo, fart, puff
🕳️	U+1F573+FE0F	hole			embarrassing
💬	U+1F4AC	speech balloon			bubble, message, chatting
👁️‍🗨️	U+1F441+FE0F+200D+1F5E8+FE0F	eye in speech bubble			info
🗨️	U+1F5E8+FE0F	left speech bubble			words, talk
🗯️	U+1F5EF+FE0F	right anger bubble			caption, speech
💭	U+1F4AD	thought balloon			thinking
💤	U+1F4A4	sleeping symbol			ZZZ
👋	U+1F44B	waving hand sign			waving hand, wave, goodbye, solong, farewell, hello, hi
🤚	U+1F91A	raised back of hand			fingers, raised, backhand
🖐️	U+1F590+FE0F	hand with fingers splayed			hand
✋	U+270B	raised hand			stop, highfive, ban
🖖	U+1F596	raised hand with part between middle and ring fingers			vulcan salute, spock, star trek
🫱	U+1FAF1	rightwards hand			palm
🫲	U+1FAF2	leftwards hand			offer
🫳	U+1FAF3	palm down hand			drop
🫴	U+1FAF4	palm up hand			demand
🫷	U+1FAF7	leftwards pushing hand			pressing
🫸	U+1FAF8	rightwards pushing hand			
👌	U+1F44C	ok hand sign			OK hand, limbs, okay
🤌	U+1F90C	pinched fingers			size
🤏	U+1F90F	pinching hand			tiny, small
✌️	U+270C+FE0F	victory hand			ohyeah, peace, victory, two
🤞	U+1F91E	hand with index and middle fingers crossed			crossed fingers, good, lucky
🫰	U+1FAF0	hand with index finger and thumb crossed			expensive
🤟	U+1F91F	i love you hand sign			love-you gesture
🤘	U+1F918	sign of the horns			
🤙	U+1F919	call me hand			hands, shaka
👈	U+1F448	white left pointing backhand index			backhand index pointing left, direction
👉	U+1F449	white right pointing backhand index			backhand index pointing right, right
👆	U+1F446	white up pointing backhand index			backhand index pointing up, up
🖕	U+1F595	reversed hand with middle finger extended			middle finger, rude, middle, flipping
👇	U+1F447	white down pointing backhand index			backhand index pointing down
☝️	U+261D+FE0F	index pointing up			
🫵	U+1FAF5	index pointing at the viewer			you, recruit
✊	U+270A	raised fist			grasp
👊	U+1F44A	fisted hand sign			oncoming fist, violence, fist, hit, attack
🤛	U+1F91B	left-facing fist			fistbump
🤜	U+1F91C	right-facing fist			
👏	U+1F44F	clapping hands sign			clapping hands, praise, applause, congrats, yay
🙌	U+1F64C	person raising both hands in celebration			raising hands, gesture, hooray, yea
🫶	U+1FAF6	heart hands			appreciation, support
👐	U+1F450	open hands sign			open hands, open
🤲	U+1F932	palms up together			cupped, prayer
🤝	U+1F91D	handshake			agreement, shake
🙏	U+1F64F	person with folded hands			folded hands, please, hope, wish, namaste, thank you, thanks, appreciate
✍️	U+270D+FE0F	writing hand			compose
💅	U+1F485	nail polish			beauty, manicure, finger, nail, slay
🤳	U+1F933	selfie			phone
💪	U+1F4AA	flexed biceps			arm, flex, strong, biceps
🦾	U+1F9BE	mechanical arm			accessibility
🦿	U+1F9BF	mechanical leg			
🦵	U+1F9B5	leg			kick, limb
🦶	U+1F9B6	foot			stomp
👂	U+1F442	ear			hear, listen
🦻	U+1F9BB	ear with hearing aid			
👃	U+1F443	nose			smell, sniff
🧠	U+1F9E0	brain			smart, intelligent
🫀	U+1FAC0	anatomical heart			heartbeat
🫁	U+1FAC1	lungs			breathe
🦷	U+1F9B7	tooth			teeth, dentist
🦴	U+1F9B4	bone			skeleton
👀	U+1F440	eyes			look, stalk, peek
👁️	U+1F441+FE0F	eye			see, stare
👅	U+1F445	tongue			
👄	U+1F444	mouth			
🫦	U+1FAE6	biting lip			flirt, sexy, pain, worry
👶	U+1F476	baby			toddler
🧒	U+1F9D2	child			gender-neutral, young
👦	U+1F466	boy			male, guy, teenager
👧	U+1F467	girl			female
🧑	U+1F9D1	adult			person
👱	U+1F471	person with blond hair			person blond hair, hairstyle
👨	U+1F468	man			mustache, father, dad, sir
🧔	U+1F9D4	bearded person			person beard, bewhiskered
🧔‍♂️	U+1F9D4+200D+2642+FE0F	man beard			facial hair
🧔‍♀️	U+1F9D4+200D+2640+FE0F	woman beard			
👨‍🦰	U+1F468+200D+1F9B0	man red hair			
👨‍🦱	U+1F468+200D+1F9B1	man curly hair			
👨‍🦳	U+1F468+200D+1F9B3	man white hair			old
👨‍🦲	U+1F468+200D+1F9B2	man bald			hairless
👩	U+1F469	woman			girls, lady
👩‍🦰	U+1F469+200D+1F9B0	woman red hair			
🧑‍🦰	U+1F9D1+200D+1F9B0	person red hair			
👩‍🦱	U+1F469+200D+1F9B1	woman curly hair			
🧑‍🦱	U+1F9D1+200D+1F9B1	person curly hair			
👩‍🦳	U+1F469+200D+1F9B3	woman white hair			elder
🧑‍🦳	U+1F9D1+200D+1F9B3	person white hair			
👩‍🦲	U+1F469+200D+1F9B2	woman bald			
🧑‍🦲	U+1F9D1+200D+1F9B2	person bald			
👱‍♀️	U+1F471+200D+2640+FE0F	woman blond hair			blonde
👱‍♂️	U+1F471+200D+2642+FE0F	man blond hair			
🧓	U+1F9D3	older adult			older person, human, senior
👴	U+1F474	older man			old man, men
👵	U+1F475	older woman			old woman, women
🙍	U+1F64D	person frowning			worried
🙍‍♂️	U+1F64D+200D+2642+FE0F	man frowning			discouraged
🙍‍♀️	U+1F64D+200D+2640+FE0F	woman frowning			unhappy
🙎	U+1F64E	person with pouting face			person pouting
🙎‍♂️	U+1F64E+200D+2642+FE0F	man pouting			
🙎‍♀️	U+1F64E+200D+2640+FE0F	woman pouting			
🙅	U+1F645	face with no good gesture			person gesturing NO, decline
🙅‍♂️	U+1F645+200D+2642+FE0F	man gesturing NO			nope
🙅‍♀️	U+1F645+200D+2640+FE0F	woman gesturing NO			
🙆	U+1F646	face with ok gesture			person gesturing OK, agree
🙆‍♂️	U+1F646+200D+2642+FE0F	man gesturing OK			
🙆‍♀️	U+1F646+200D+2640+FE0F	woman gesturing OK			
💁	U+1F481	information desk person			person tipping hand
💁‍♂️	U+1F481+200D+2642+FE0F	man tipping hand			
💁‍♀️	U+1F481+200D+2640+FE0F	woman tipping hand			
🙋	U+1F64B	happy person raising one hand			person raising hand, question
🙋‍♂️	U+1F64B+200D+2642+FE0F	man raising hand			
🙋‍♀️	U+1F64B+200D+2640+FE0F	woman raising hand			
🧏	U+1F9CF	deaf person			
🧏‍♂️	U+1F9CF+200D+2642+FE0F	deaf man			
🧏‍♀️	U+1F9CF+200D+2640+FE0F	deaf woman			
🙇	U+1F647	person bowing deeply			person bowing, respectiful
🙇‍♂️	U+1F647+200D+2642+FE0F	man bowing			
🙇‍♀️	U+1F647+200D+2640+FE0F	woman bowing			
🤦	U+1F926	face palm			person facepalming, disappointed
🤦‍♂️	U+1F926+200D+2642+FE0F	man facepalming			
🤦‍♀️	U+1F926+200D+2640+FE0F	woman facepalming			
🤷	U+1F937	shrug			person shrugging, regardless
🤷‍♂️	U+1F937+200D+2642+FE0F	man shrugging			doubt
🤷‍♀️	U+1F937+200D+2640+FE0F	woman shrugging			
🧑‍⚕️	U+1F9D1+200D+2695+FE0F	health worker			
👨‍⚕️	U+1F468+200D+2695+FE0F	man health worker			doctor, therapist
👩‍⚕️	U+1F469+200D+2695+FE0F	woman health worker			nurse, healthcare
🧑‍🎓	U+1F9D1+200D+1F393	student			learn
👨‍🎓	U+1F468+200D+1F393	man student			graduate
👩‍🎓	U+1F469+200D+1F393	woman student			
🧑‍🏫	U+1F9D1+200D+1F3EB	teacher			professor
👨‍🏫	U+1F468+200D+1F3EB	man teacher			instructor
👩‍🏫	U+1F469+200D+1F3EB	woman teacher			
🧑‍⚖️	U+1F9D1+200D+2696+FE0F	judge			law
👨‍⚖️	U+1F468+200D+2696+FE0F	man judge			justice
👩‍⚖️	U+1F469+200D+2696+FE0F	woman judge			court
🧑‍🌾	U+1F9D1+200D+1F33E	farmer			crops
👨‍🌾	U+1F468+200D+1F33E	man farmer			rancher
👩‍🌾	U+1F469+200D+1F33E	woman farmer			gardener
🧑‍🍳	U+1F9D1+200D+1F373	cook			food, kitchen, culinary
👨‍🍳	U+1F468+200D+1F373	man cook			chef
👩‍🍳	U+1F469+200D+1F373	woman cook			
🧑‍🔧	U+1F9D1+200D+1F527	mechanic			worker, technician
👨‍🔧	U+1F468+200D+1F527	man mechanic			plumber
👩‍🔧	U+1F469+200D+1F527	woman mechanic			
🧑‍🏭	U+1F9D1+200D+1F3ED	factory worker			labor
👨‍🏭	U+1F468+200D+1F3ED	man factory worker			assembly
👩‍🏭	U+1F469+200D+1F3ED	woman factory worker			industrial
🧑‍💼	U+1F9D1+200D+1F4BC	office worker			business
👨‍💼	U+1F468+200D+1F4BC	man office worker			manager
👩‍💼	U+1F469+200D+1F4BC	woman office worker			
🧑‍🔬	U+1F9D1+200D+1F52C	scientist			chemistry
👨‍🔬	U+1F468+200D+1F52C	man scientist			biologist, engineer
👩‍🔬	U+1F469+200D+1F52C	woman scientist			chemist, physicist
🧑‍💻	U+1F9D1+200D+1F4BB	technologist			
👨‍💻	U+1F468+200D+1F4BB	man technologist			coder, programmer
👩‍💻	U+1F469+200D+1F4BB	woman technologist			developer, software
🧑‍🎤	U+1F9D1+200D+1F3A4	singer			song, performer
👨‍🎤	U+1F468+200D+1F3A4	man singer			rockstar
👩‍🎤	U+1F469+200D+1F3A4	woman singer			entertainer
🧑‍🎨	U+1F9D1+200D+1F3A8	artist			painting, creativity
👨‍🎨	U+1F468+200D+1F3A8	man artist			painter
👩‍🎨	U+1F469+200D+1F3A8	woman artist			
🧑‍✈️	U+1F9D1+200D+2708+FE0F	pilot			plane
👨‍✈️	U+1F468+200D+2708+FE0F	man pilot			aviator
👩‍✈️	U+1F469+200D+2708+FE0F	woman pilot			
🧑‍🚀	U+1F9D1+200D+1F680	astronaut			outerspace
👨‍🚀	U+1F468+200D+1F680	man astronaut			space
👩‍🚀	U+1F469+200D+1F680	woman astronaut			
🧑‍🚒	U+1F9D1+200D+1F692	firefighter			
👨‍🚒	U+1F468+200D+1F692	man firefighter			fireman
👩‍🚒	U+1F469+200D+1F692	woman firefighter			
👮	U+1F46E	police officer			cop
👮‍♂️	U+1F46E+200D+2642+FE0F	man police officer			police, legal
👮‍♀️	U+1F46E+200D+2640+FE0F	woman police officer			policewoman
🕵️	U+1F575+FE0F	detective			spy
🕵️‍♂️	U+1F575+FE0F+200D+2642+FE0F	man detective			crime
🕵️‍♀️	U+1F575+FE0F+200D+2640+FE0F	woman detective			
💂	U+1F482	guardsman			guard, protect
💂‍♂️	U+1F482+200D+2642+FE0F	man guard			uk, royal
💂‍♀️	U+1F482+200D+2640+FE0F	woman guard			gb
🥷	U+1F977	ninja			ninjutsu, skills
👷	U+1F477	construction worker			build
👷‍♂️	U+1F477+200D+2642+FE0F	man construction worker			wip
👷‍♀️	U+1F477+200D+2640+FE0F	woman construction worker			
🫅	U+1FAC5	person with crown			royalty
🤴	U+1F934	prince			king
👸	U+1F478	princess			blond, queen
👳	U+1F473	man with turban			person wearing turban, headdress
👳‍♂️	U+1F473+200D+2642+FE0F	man wearing turban			indian, arabs
👳‍♀️	U+1F473+200D+2640+FE0F	woman wearing turban			hinduism
👲	U+1F472	man with gua pi mao			person with skullcap
🧕	U+1F9D5	person with headscarf			woman with headscarf, hijab, mantilla, tichel
🤵	U+1F935	man in tuxedo			person in tuxedo, couple, groom
🤵‍♂️	U+1F935+200D+2642+FE0F	man in tuxedo			formal
🤵‍♀️	U+1F935+200D+2640+FE0F	woman in tuxedo			
👰	U+1F470	bride with veil			person with veil, bride
👰‍♂️	U+1F470+200D+2642+FE0F	man with veil			
👰‍♀️	U+1F470+200D+2640+FE0F	woman with veil			
🤰	U+1F930	pregnant woman			
🫃	U+1FAC3	pregnant man			belly
🫄	U+1FAC4	pregnant person			
🤱	U+1F931	breast-feeding			nursing
👩‍🍼	U+1F469+200D+1F37C	woman feeding baby			birth
👨‍🍼	U+1F468+200D+1F37C	man feeding baby			
🧑‍🍼	U+1F9D1+200D+1F37C	person feeding baby			
👼	U+1F47C	baby angel			heaven
🎅	U+1F385	father christmas			festival
🤶	U+1F936	mother christmas			xmas
🧑‍🎄	U+1F9D1+200D+1F384	mx claus			
🦸	U+1F9B8	superhero			marvel
🦸‍♂️	U+1F9B8+200D+2642+FE0F	man superhero			hero, superpowers
🦸‍♀️	U+1F9B8+200D+2640+FE0F	woman superhero			heroine
🦹	U+1F9B9	supervillain			
🦹‍♂️	U+1F9B9+200D+2642+FE0F	man supervillain			bad
🦹‍♀️	U+1F9B9+200D+2640+FE0F	woman supervillain			criminal
🧙	U+1F9D9	mage			magic
🧙‍♂️	U+1F9D9+200D+2642+FE0F	man mage			sorcerer
🧙‍♀️	U+1F9D9+200D+2640+FE0F	woman mage			witch
🧚	U+1F9DA	fairy			wings
🧚‍♂️	U+1F9DA+200D+2642+FE0F	man fairy			
🧚‍♀️	U+1F9DA+200D+2640+FE0F	woman fairy			
🧛	U+1F9DB	vampire			blood
🧛‍♂️	U+1F9DB+200D+2642+FE0F	man vampire			dracula
🧛‍♀️	U+1F9DB+200D+2640+FE0F	woman vampire			
🧜	U+1F9DC	merperson			sea
🧜‍♂️	U+1F9DC+200D+2642+FE0F	merman			triton
🧜‍♀️	U+1F9DC+200D+2640+FE0F	mermaid			merwoman, ariel
🧝	U+1F9DD	elf			magical
🧝‍♂️	U+1F9DD+200D+2642+FE0F	man elf			
🧝‍♀️	U+1F9DD+200D+2640+FE0F	woman elf			
🧞	U+1F9DE	genie			wishes
🧞‍♂️	U+1F9DE+200D+2642+FE0F	man genie			
🧞‍♀️	U+1F9DE+200D+2640+FE0F	woman genie			
🧟	U+1F9DF	zombie			
🧟‍♂️	U+1F9DF+200D+2642+FE0F	man zombie			undead
🧟‍♀️	U+1F9DF+200D+2640+FE0F	woman zombie			walking dead
🧌	U+1F9CC	troll			mystical
💆	U+1F486	face massage			person getting massage, relax
💆‍♂️	U+1F486+200D+2642+FE0F	man getting massage			head
💆‍♀️	U+1F486+200D+2640+FE0F	woman getting massage			
💇	U+1F487	haircut			person getting haircut
💇‍♂️	U+1F487+200D+2642+FE0F	man getting haircut			
💇‍♀️	U+1F487+200D+2640+FE0F	woman getting haircut			
🚶	U+1F6B6	pedestrian			person walking, move
🚶‍♂️	U+1F6B6+200D+2642+FE0F	man walking			feet
🚶‍♀️	U+1F6B6+200D+2640+FE0F	woman walking			steps
🚶‍➡️	U+1F6B6+200D+27A1+FE0F	person walking facing right			peerson
🚶‍♀️‍➡️	U+1F6B6+200D+2640+FE0F+200D+27A1+FE0F	woman walking facing right			
🚶‍♂️‍➡️	U+1F6B6+200D+2642+FE0F+200D+27A1+FE0F	man walking facing right			
🧍	U+1F9CD	standing person			person standing, still
🧍‍♂️	U+1F9CD+200D+2642+FE0F	man standing			
🧍‍♀️	U+1F9CD+200D+2640+FE0F	woman standing			
🧎	U+1F9CE	kneeling person			person kneeling, pray
🧎‍♂️	U+1F9CE+200D+2642+FE0F	man kneeling			respectful
🧎‍♀️	U+1F9CE+200D+2640+FE0F	woman kneeling			
🧎‍➡️	U+1F9CE+200D+27A1+FE0F	person kneeling facing right			
🧎‍♀️‍➡️	U+1F9CE+200D+2640+FE0F+200D+27A1+FE0F	woman kneeling facing right			worship
🧎‍♂️‍➡️	U+1F9CE+200D+2642+FE0F+200D+27A1+FE0F	man kneeling facing right			
🧑‍🦯	U+1F9D1+200D+1F9AF	person with white cane			
🧑‍🦯‍➡️	U+1F9D1+200D+1F9AF+200D+27A1+FE0F	person with white cane facing right			walk, walk
👨‍🦯	U+1F468+200D+1F9AF	man with white cane			
👨‍🦯‍➡️	U+1F468+200D+1F9AF+200D+27A1+FE0F	man with white cane facing right			visually impaired
👩‍🦯	U+1F469+200D+1F9AF	woman with white cane			
👩‍🦯‍➡️	U+1F469+200D+1F9AF+200D+27A1+FE0F	woman with white cane facing right			stick
🧑‍🦼	U+1F9D1+200D+1F9BC	person in motorized wheelchair			disability
🧑‍🦼‍➡️	U+1F9D1+200D+1F9BC+200D+27A1+FE0F	person in motorized wheelchair facing right			
👨‍🦼	U+1F468+200D+1F9BC	man in motorized wheelchair			
👨‍🦼‍➡️	U+1F468+200D+1F9BC+200D+27A1+FE0F	man in motorized wheelchair facing right			mobility
👩‍🦼	U+1F469+200D+1F9BC	woman in motorized wheelchair			
👩‍🦼‍➡️	U+1F469+200D+1F9BC+200D+27A1+FE0F	woman in motorized wheelchair facing right			
🧑‍🦽	U+1F9D1+200D+1F9BD	person in manual wheelchair			
🧑‍🦽‍➡️	U+1F9D1+200D+1F9BD+200D+27A1+FE0F	person in manual wheelchair facing right			
👨‍🦽	U+1F468+200D+1F9BD	man in manual wheelchair			
👨‍🦽‍➡️	U+1F468+200D+1F9BD+200D+27A1+FE0F	man in manual wheelchair facing right			
👩‍🦽	U+1F469+200D+1F9BD	woman in manual wheelchair			
👩‍🦽‍➡️	U+1F469+200D+1F9BD+200D+27A1+FE0F	woman in manual wheelchair facing right			
🏃	U+1F3C3	runner			person running
🏃‍♂️	U+1F3C3+200D+2642+FE0F	man running			walking, running
🏃‍♀️	U+1F3C3+200D+2640+FE0F	woman running			race
🏃‍➡️	U+1F3C3+200D+27A1+FE0F	person running facing right			jog
🏃‍♀️‍➡️	U+1F3C3+200D+2640+FE0F+200D+27A1+FE0F	woman running facing right			
🏃‍♂️‍➡️	U+1F3C3+200D+2642+FE0F+200D+27A1+FE0F	man running facing right			
💃	U+1F483	dancer			woman dancing, fun
🕺	U+1F57A	man dancing			dancer
🕴️	U+1F574+FE0F	person in suit levitating			suit, levitate, hover, jump
👯	U+1F46F	woman with bunny ears			people with bunny ears, perform, costume
👯‍♂️	U+1F46F+200D+2642+FE0F	men with bunny ears			bunny, boys
👯‍♀️	U+1F46F+200D+2640+FE0F	women with bunny ears			
🧖	U+1F9D6	person in steamy room			spa
🧖‍♂️	U+1F9D6+200D+2642+FE0F	man in steamy room			steamroom
🧖‍♀️	U+1F9D6+200D+2640+FE0F	woman in steamy room			sauna
🧗	U+1F9D7	person climbing			sport
🧗‍♂️	U+1F9D7+200D+2642+FE0F	man climbing			sports
🧗‍♀️	U+1F9D7+200D+2640+FE0F	woman climbing			hobby
🤺	U+1F93A	fencer			person fencing, fencing, sword
🏇	U+1F3C7	horse racing			betting, competition, gambling
⛷️	U+26F7+FE0F	skier			winter
🏂	U+1F3C2	snowboarder			
🏌️	U+1F3CC+FE0F	person golfing			
🏌️‍♂️	U+1F3CC+FE0F+200D+2642+FE0F	man golfing			
🏌️‍♀️	U+1F3CC+FE0F+200D+2640+FE0F	woman golfing			
🏄	U+1F3C4	surfer			person surfing
🏄‍♂️	U+1F3C4+200D+2642+FE0F	man surfing			ocean
🏄‍♀️	U+1F3C4+200D+2640+FE0F	woman surfing			
🚣	U+1F6A3	rowboat			person rowing boat
🚣‍♂️	U+1F6A3+200D+2642+FE0F	man rowing boat			
🚣‍♀️	U+1F6A3+200D+2640+FE0F	woman rowing boat			
🏊	U+1F3CA	swimmer			person swimming, pool
🏊‍♂️	U+1F3CA+200D+2642+FE0F	man swimming			athlete
🏊‍♀️	U+1F3CA+200D+2640+FE0F	woman swimming			
⛹️	U+26F9+FE0F	person bouncing ball			
⛹️‍♂️	U+26F9+FE0F+200D+2642+FE0F	man bouncing ball			
⛹️‍♀️	U+26F9+FE0F+200D+2640+FE0F	woman bouncing ball			
🏋️	U+1F3CB+FE0F	person lifting weights			training
🏋️‍♂️	U+1F3CB+FE0F+200D+2642+FE0F	man lifting weights			
🏋️‍♀️	U+1F3CB+FE0F+200D+2640+FE0F	woman lifting weights			
🚴	U+1F6B4	bicyclist			person biking, bike
🚴‍♂️	U+1F6B4+200D+2642+FE0F	man biking			cyclist
🚴‍♀️	U+1F6B4+200D+2640+FE0F	woman biking			hipster
🚵	U+1F6B5	mountain bicyclist			person mountain biking
🚵‍♂️	U+1F6B5+200D+2642+FE0F	man mountain biking			transportation
🚵‍♀️	U+1F6B5+200D+2640+FE0F	woman mountain biking			
🤸	U+1F938	person doing cartwheel			person cartwheeling, gymnastic
🤸‍♂️	U+1F938+200D+2642+FE0F	man cartwheeling			gymnastics
🤸‍♀️	U+1F938+200D+2640+FE0F	woman cartwheeling			
🤼	U+1F93C	wrestlers			people wrestling
🤼‍♂️	U+1F93C+200D+2642+FE0F	men wrestling			wrestlers
🤼‍♀️	U+1F93C+200D+2640+FE0F	women wrestling			
🤽	U+1F93D	water polo			person playing water polo
🤽‍♂️	U+1F93D+200D+2642+FE0F	man playing water polo			
🤽‍♀️	U+1F93D+200D+2640+FE0F	woman playing water polo			
🤾	U+1F93E	handball			person playing handball
🤾‍♂️	U+1F93E+200D+2642+FE0F	man playing handball			
🤾‍♀️	U+1F93E+200D+2640+FE0F	woman playing handball			
🤹	U+1F939	juggling			person juggling, performance
🤹‍♂️	U+1F939+200D+2642+FE0F	man juggling			juggle, multitask
🤹‍♀️	U+1F939+200D+2640+FE0F	woman juggling			skill
🧘	U+1F9D8	person in lotus position			meditate
🧘‍♂️	U+1F9D8+200D+2642+FE0F	man in lotus position			meditation, serenity, mindfulness
🧘‍♀️	U+1F9D8+200D+2640+FE0F	woman in lotus position			yoga, zen
🛀	U+1F6C0	bath			person taking bath, clean
🛌	U+1F6CC	sleeping accommodation			person in bed
🧑‍🤝‍🧑	U+1F9D1+200D+1F91D+200D+1F9D1	people holding hands			friendship
👭	U+1F46D	two women holding hands			women holding hands, pair
👫	U+1F46B	man and woman holding hands			woman and man holding hands, people
👬	U+1F46C	two men holding hands			men holding hands, bromance
💏	U+1F48F	kiss			dating
👩‍❤️‍💋‍👨	U+1F469+200D+2764+FE0F+200D+1F48B+200D+1F468	kiss woman, man			
👨‍❤️‍💋‍👨	U+1F468+200D+2764+FE0F+200D+1F48B+200D+1F468	kiss man, man			
👩‍❤️‍💋‍👩	U+1F469+200D+2764+FE0F+200D+1F48B+200D+1F469	kiss woman, woman			
💑	U+1F491	couple with heart			
👩‍❤️‍👨	U+1F469+200D+2764+FE0F+200D+1F468	couple with heart woman, man			
👨‍❤️‍👨	U+1F468+200D+2764+FE0F+200D+1F468	couple with heart man, man			
👩‍❤️‍👩	U+1F469+200D+2764+FE0F+200D+1F469	couple with heart woman, woman			
👨‍👩‍👦	U+1F468+200D+1F469+200D+1F466	family man, woman, boy			
👨‍👩‍👧	U+1F468+200D+1F469+200D+1F467	family man, woman, girl			home
👨‍👩‍👧‍👦	U+1F468+200D+1F469+200D+1F467+200D+1F466	family man, woman, girl, boy			parents
👨‍👩‍👦‍👦	U+1F468+200D+1F469+200D+1F466+200D+1F466	family man, woman, boy, boy			children
👨‍👩‍👧‍👧	U+1F468+200D+1F469+200D+1F467+200D+1F467	family man, woman, girl, girl			
👨‍👨‍👦	U+1F468+200D+1F468+200D+1F466	family man, man, boy			
👨‍👨‍👧	U+1F468+200D+1F468+200D+1F467	family man, man, girl			
👨‍👨‍👧‍👦	U+1F468+200D+1F468+200D+1F467+200D+1F466	family man, man, girl, boy			
👨‍👨‍👦‍👦	U+1F468+200D+1F468+200D+1F466+200D+1F466	family man, man, boy, boy			
👨‍👨‍👧‍👧	U+1F468+200D+1F468+200D+1F467+200D+1F467	family man, man, girl, girl			
👩‍👩‍👦	U+1F469+200D+1F469+200D+1F466	family woman, woman, boy			
👩‍👩‍👧	U+1F469+200D+1F469+200D+1F467	family woman, woman, girl			
👩‍👩‍👧‍👦	U+1F469+200D+1F469+200D+1F467+200D+1F466	family woman, woman, girl, boy			
👩‍👩‍👦‍👦	U+1F469+200D+1F469+200D+1F466+200D+1F466	family woman, woman, boy, boy			
👩‍👩‍👧‍👧	U+1F469+200D+1F469+200D+1F467+200D+1F467	family woman, woman, girl, girl			
👨‍👦	U+1F468+200D+1F466	family man, boy			parent
👨‍👦‍👦	U+1F468+200D+1F466+200D+1F466	family man, boy, boy			
👨‍👧	U+1F468+200D+1F467	family man, girl			
👨‍👧‍👦	U+1F468+200D+1F467+200D+1F466	family man, girl, boy			
👨‍👧‍👧	U+1F468+200D+1F467+200D+1F467	family man, girl, girl			
👩‍👦	U+1F469+200D+1F466	family woman, boy			
👩‍👦‍👦	U+1F469+200D+1F466+200D+1F466	family woman, boy, boy			
👩‍👧	U+1F469+200D+1F467	family woman, girl			
👩‍👧‍👦	U+1F469+200D+1F467+200D+1F466	family woman, girl, boy			
👩‍👧‍👧	U+1F469+200D+1F467+200D+1F467	family woman, girl, girl			
🗣️	U+1F5E3+FE0F	speaking head			user, say
👤	U+1F464	bust in silhouette			
👥	U+1F465	busts in silhouette			group
🫂	U+1FAC2	people hugging			care
👪	U+1F46A	family			mom, mother
🧑‍🧑‍🧒	U+1F9D1+200D+1F9D1+200D+1F9D2	family adult, adult, child			kid
🧑‍🧑‍🧒‍🧒	U+1F9D1+200D+1F9D1+200D+1F9D2+200D+1F9D2	family adult, adult, child, child			
🧑‍🧒	U+1F9D1+200D+1F9D2	family adult, child			
🧑‍🧒‍🧒	U+1F9D1+200D+1F9D2+200D+1F9D2	family adult, child, child			
👣	U+1F463	footprints			tracking
🐵	U+1F435	monkey face			circus
🐒	U+1F412	monkey			
🦍	U+1F98D	gorilla			
🦧	U+1F9A7	orangutan			
🐶	U+1F436	dog face			friend, woof, puppy
🐕	U+1F415	dog			doge, faithful
🦮	U+1F9AE	guide dog			blind
🐕‍🦺	U+1F415+200D+1F9BA	service dog			
🐩	U+1F429	poodle			101
🐺	U+1F43A	wolf face			wolf, wild
🦊	U+1F98A	fox face			fox
🦝	U+1F99D	raccoon			
🐱	U+1F431	cat face			meow, kitten
🐈	U+1F408	cat			
🐈‍⬛	U+1F408+200D+2B1B	black cat			superstition
🦁	U+1F981	lion face			lion
🐯	U+1F42F	tiger face			roar
🐅	U+1F405	tiger			
🐆	U+1F406	leopard			
🐴	U+1F434	horse face			brown
🫎	U+1FACE	moose			shrek, canada, sweden, sven
🫏	U+1FACF	donkey			eeyore, mule
🐎	U+1F40E	horse			gamble, luck
🦄	U+1F984	unicorn face			unicorn
🦓	U+1F993	zebra face			zebra, stripes, safari
🦌	U+1F98C	deer			venison
🦬	U+1F9AC	bison			
🐮	U+1F42E	cow face			beef, milk
🐂	U+1F402	ox			
🐃	U+1F403	water buffalo			
🐄	U+1F404	cow			moo
🐷	U+1F437	pig face			oink
🐖	U+1F416	pig			
🐗	U+1F417	boar			
🐽	U+1F43D	pig nose			
🐏	U+1F40F	ram			sheep
🐑	U+1F411	sheep			ewe, wool, shipit
🐐	U+1F410	goat			
🐪	U+1F42A	dromedary camel			camel, hump
🐫	U+1F42B	bactrian camel			two-hump camel
🦙	U+1F999	llama			alpaca
🦒	U+1F992	giraffe face			giraffe, spots
🐘	U+1F418	elephant			th
🦣	U+1F9A3	mammoth			tusks
🦏	U+1F98F	rhinoceros			horn
🦛	U+1F99B	hippopotamus			
🐭	U+1F42D	mouse face			rodent
🐁	U+1F401	mouse			
🐀	U+1F400	rat			
🐹	U+1F439	hamster face			hamster
🐰	U+1F430	rabbit face			pet
🐇	U+1F407	rabbit			spring
🐿️	U+1F43F+FE0F	chipmunk			squirrel
🦫	U+1F9AB	beaver			
🦔	U+1F994	hedgehog			spiny
🦇	U+1F987	bat			
🐻	U+1F43B	bear face			bear
🐻‍❄️	U+1F43B+200D+2744+FE0F	polar bear			arctic
🐨	U+1F428	koala			
🐼	U+1F43C	panda face			panda
🦥	U+1F9A5	sloth			
🦦	U+1F9A6	otter			
🦨	U+1F9A8	skunk			
🦘	U+1F998	kangaroo			australia, joey, hop, marsupial
🦡	U+1F9A1	badger			honey
🐾	U+1F43E	paw prints			
🦃	U+1F983	turkey			
🐔	U+1F414	chicken			cluck
🐓	U+1F413	rooster			
🐣	U+1F423	hatching chick			born
🐤	U+1F424	baby chick			
🐥	U+1F425	front-facing baby chick			
🐦	U+1F426	bird			tweet
🐧	U+1F427	penguin			
🕊️	U+1F54A+FE0F	dove			
🦅	U+1F985	eagle			
🦆	U+1F986	duck			mallard
🦢	U+1F9A2	swan			
🦉	U+1F989	owl			hoot
🦤	U+1F9A4	dodo			
🪶	U+1FAB6	feather			
🦩	U+1F9A9	flamingo			
🦚	U+1F99A	peacock			peahen
🦜	U+1F99C	parrot			
🪽	U+1FABD	wing			birds, flying
🐦‍⬛	U+1F426+200D+2B1B	black bird			crow
🪿	U+1FABF	goose			silly, jemima, goosebumps
🐦‍🔥	U+1F426+200D+1F525	phoenix			immortal, mythtical, reborn
🐸	U+1F438	frog face			frog, croak, toad
🐊	U+1F40A	crocodile			reptile, alligator
🐢	U+1F422	turtle			slow, tortoise
🦎	U+1F98E	lizard			
🐍	U+1F40D	snake			hiss, python
🐲	U+1F432	dragon face			myth
🐉	U+1F409	dragon			
🦕	U+1F995	sauropod			dinosaur, brachiosaurus, brontosaurus, diplodocus
🦖	U+1F996	t-rex			T-Rex, tyrannosaurus, extinct
🐳	U+1F433	spouting whale			
🐋	U+1F40B	whale			
🐬	U+1F42C	dolphin			flipper, fins
🦭	U+1F9AD	seal			creature
🐟	U+1F41F	fish			
🐠	U+1F420	tropical fish			swim, nemo
🐡	U+1F421	blowfish			
🦈	U+1F988	shark			jaws
🐙	U+1F419	octopus			
🐚	U+1F41A	spiral shell			
🪸	U+1FAB8	coral			reef
🪼	U+1FABC	jellyfish			sting, tentacles
🐌	U+1F40C	snail			shell
🦋	U+1F98B	butterfly			insect, caterpillar
🐛	U+1F41B	bug			
🐜	U+1F41C	ant			
🐝	U+1F41D	honeybee			
🪲	U+1FAB2	beetle			
🐞	U+1F41E	lady beetle			ladybug
🦗	U+1F997	cricket			chirp
🪳	U+1FAB3	cockroach			pests
🕷️	U+1F577+FE0F	spider			arachnid
🕸️	U+1F578+FE0F	spider web			silk
🦂	U+1F982	scorpion			
🦟	U+1F99F	mosquito			malaria
🪰	U+1FAB0	fly			
🪱	U+1FAB1	worm			
🦠	U+1F9A0	microbe			amoeba, germs, virus
💐	U+1F490	bouquet			flowers
🌸	U+1F338	cherry blossom			plant
💮	U+1F4AE	white flower			japanese
🪷	U+1FAB7	lotus			flower, calm
🏵️	U+1F3F5+FE0F	rosette			military
🌹	U+1F339	rose			
🥀	U+1F940	wilted flower			
🌺	U+1F33A	hibiscus			vegetable
🌻	U+1F33B	sunflower			fall
🌼	U+1F33C	blossom			yellow
🌷	U+1F337	tulip			
🪻	U+1FABB	hyacinth			lavender
🌱	U+1F331	seedling			grass, lawn
🪴	U+1FAB4	potted plant			greenery
🌲	U+1F332	evergreen tree			
🌳	U+1F333	deciduous tree			
🌴	U+1F334	palm tree			mojito, tropical
🌵	U+1F335	cactus			
🌾	U+1F33E	ear of rice			sheaf of rice
🌿	U+1F33F	herb			medicine, weed
☘️	U+2618+FE0F	shamrock			irish, clover
🍀	U+1F340	four leaf clover			
🍁	U+1F341	maple leaf			ca
🍂	U+1F342	fallen leaf			leaves
🍃	U+1F343	leaf fluttering in wind			tree
🪹	U+1FAB9	empty nest			
🪺	U+1FABA	nest with eggs			
🍄	U+1F344	mushroom			
🍇	U+1F347	grapes			fruit
🍈	U+1F348	melon			
🍉	U+1F349	watermelon			picnic
🍊	U+1F34A	tangerine			orange
🍋	U+1F34B	lemon			
🍋‍🟩	U+1F34B+200D+1F7E9	lime			acidic, citric
🍌	U+1F34C	banana			
🍍	U+1F34D	pineapple			
🥭	U+1F96D	mango			
🍎	U+1F34E	red apple			mac
🍏	U+1F34F	green apple			
🍐	U+1F350	pear			
🍑	U+1F351	peach			
🍒	U+1F352	cherries			
🍓	U+1F353	strawberry			
🫐	U+1FAD0	blueberries			
🥝	U+1F95D	kiwifruit			kiwi fruit
🍅	U+1F345	tomato			
🫒	U+1FAD2	olive			
🥥	U+1F965	coconut			
🥑	U+1F951	avocado			
🍆	U+1F346	aubergine			
🥔	U+1F954	potato			tuber, vegatable, starch
🥕	U+1F955	carrot			
🌽	U+1F33D	ear of maize			ear of corn
🌶️	U+1F336+FE0F	hot pepper			spicy, chilli, chili
🫑	U+1FAD1	bell pepper			
🥒	U+1F952	cucumber			pickle
🥬	U+1F96C	leafy green			bok choy, cabbage, kale
🥦	U+1F966	broccoli			
🧄	U+1F9C4	garlic			spice
🧅	U+1F9C5	onion			
🥜	U+1F95C	peanuts			nut
🫘	U+1FAD8	beans			
🌰	U+1F330	chestnut			
🫚	U+1FADA	ginger root			gingerbread
🫛	U+1FADB	pea pod			cozy
🍄‍🟫	U+1F344+200D+1F7EB	brown mushroom			toadstool, fungus
🍞	U+1F35E	bread			wheat, toast
🥐	U+1F950	croissant			french
🥖	U+1F956	baguette bread			france
🫓	U+1FAD3	flatbread			flour
🥨	U+1F968	pretzel			twisted, germany
🥯	U+1F96F	bagel			bakery, schmear
🥞	U+1F95E	pancakes			breakfast, flapjacks, hotcakes
🧇	U+1F9C7	waffle			brunch
🧀	U+1F9C0	cheese wedge			chadder, swiss
🍖	U+1F356	meat on bone			drumstick
🍗	U+1F357	poultry leg			meat
🥩	U+1F969	cut of meat			cut, chop, lambchop, porkchop
🥓	U+1F953	bacon			pork
🍔	U+1F354	hamburger			fast food, cheeseburger, mcdonalds, burger king
🍟	U+1F35F	french fries			chips
🍕	U+1F355	slice of pizza			pizza, party
🌭	U+1F32D	hot dog			frankfurter, america
🥪	U+1F96A	sandwich			lunch
🌮	U+1F32E	taco			mexican
🌯	U+1F32F	burrito			
🫔	U+1FAD4	tamale			masa
🥙	U+1F959	stuffed flatbread			stuffed, gyro
🧆	U+1F9C6	falafel			mediterranean
🥚	U+1F95A	egg			
🍳	U+1F373	cooking			skillet
🥘	U+1F958	shallow pan of food			casserole, paella
🍲	U+1F372	pot of food			soup, hot pot
🫕	U+1FAD5	fondue			cheese, pot
🥣	U+1F963	bowl with spoon			cereal, oatmeal, porridge
🥗	U+1F957	green salad			healthy, lettuce
🍿	U+1F37F	popcorn			movie theater, films, drama
🧈	U+1F9C8	butter			
🧂	U+1F9C2	salt shaker			salt, condiment, shaker
🥫	U+1F96B	canned food			tomatoes
🍱	U+1F371	bento box			box
🍘	U+1F358	rice cracker			snack, senbei
🍙	U+1F359	rice ball			onigiri, omusubi
🍚	U+1F35A	cooked rice			asian
🍛	U+1F35B	curry and rice			curry rice
🍜	U+1F35C	steaming bowl			noodle, ramen
🍝	U+1F35D	spaghetti			italian, pasta
🍠	U+1F360	roasted sweet potato			
🍢	U+1F362	oden			skewer
🍣	U+1F363	sushi			rice
🍤	U+1F364	fried shrimp			appetizer
🍥	U+1F365	fish cake with swirl design			fish cake with swirl, japan, narutomaki, kamaboko, surimi
🥮	U+1F96E	Moon cake			moon cake, autumn
🍡	U+1F361	dango			dessert, barbecue
🥟	U+1F95F	dumpling			empanada, pierogi, potsticker, gyoza
🥠	U+1F960	fortune cookie			prophecy
🥡	U+1F961	takeout box			leftovers
🦀	U+1F980	crab			crustacean
🦞	U+1F99E	lobster			bisque, claws
🦐	U+1F990	shrimp			seafood
🦑	U+1F991	squid			
🦪	U+1F9AA	oyster			
🍦	U+1F366	soft ice cream			
🍧	U+1F367	shaved ice			
🍨	U+1F368	ice cream			
🍩	U+1F369	doughnut			sweet, donut
🍪	U+1F36A	cookie			oreo, chocolate
🎂	U+1F382	birthday cake			cake
🍰	U+1F370	shortcake			
🧁	U+1F9C1	cupcake			
🥧	U+1F967	pie			pastry
🍫	U+1F36B	chocolate bar			
🍬	U+1F36C	candy			lolly
🍭	U+1F36D	lollipop			
🍮	U+1F36E	custard			pudding, flan
🍯	U+1F36F	honey pot			bees
🍼	U+1F37C	baby bottle			container
🥛	U+1F95B	glass of milk			beverage
☕	U+2615	hot beverage			caffeine, latte, espresso, coffee, mug
🫖	U+1FAD6	teapot			drink
🍵	U+1F375	teacup without handle			bowl
🍶	U+1F376	sake bottle and cup			sake, wine, booze
🍾	U+1F37E	bottle with popping cork			bottle
🍷	U+1F377	wine glass			drunk
🍸	U+1F378	cocktail glass			alcohol
🍹	U+1F379	tropical drink			cocktail
🍺	U+1F37A	beer mug			pub
🍻	U+1F37B	clinking beer mugs			
🥂	U+1F942	clinking glasses			celebrate, cheers, champagne
🥃	U+1F943	tumbler glass			liquor, bourbon, scotch, whisky, glass, shot
🫗	U+1FAD7	pouring liquid			cup
🥤	U+1F964	cup with straw			soda
🧋	U+1F9CB	bubble tea			taiwan, boba, milk tea, straw
🧃	U+1F9C3	beverage box			
🧉	U+1F9C9	mate drink			mate, tea
🧊	U+1F9CA	ice cube			ice
🥢	U+1F962	chopsticks			
🍽️	U+1F37D+FE0F	fork and knife with plate			eat, meal, dinner, restaurant
🍴	U+1F374	fork and knife			cutlery
🥄	U+1F944	spoon			tableware
🔪	U+1F52A	hocho			kitchen knife, knife, blade
🫙	U+1FAD9	jar			sauce
🏺	U+1F3FA	amphora			vase
🌍	U+1F30D	earth globe europe-africa			globe showing Europe-Africa, globe, international
🌎	U+1F30E	earth globe americas			globe showing Americas, world, USA
🌏	U+1F30F	earth globe asia-australia			globe showing Asia-Australia, east
🌐	U+1F310	globe with meridians			earth, internet, interweb, i18n
🗺️	U+1F5FA+FE0F	world map			location
🗾	U+1F5FE	silhouette of japan			map of Japan, nation, asia
🧭	U+1F9ED	compass			magnetic, navigation, orienteering
🏔️	U+1F3D4+FE0F	snow-capped mountain			photo
⛰️	U+26F0+FE0F	mountain			environment
🌋	U+1F30B	volcano			disaster
🗻	U+1F5FB	mount fuji			
🏕️	U+1F3D5+FE0F	camping			outdoors
🏖️	U+1F3D6+FE0F	beach with umbrella			weather, sunny, sand
🏜️	U+1F3DC+FE0F	desert			warm, saharah
🏝️	U+1F3DD+FE0F	desert island			
🏞️	U+1F3DE+FE0F	national park			
🏟️	U+1F3DF+FE0F	stadium			place, venue
🏛️	U+1F3DB+FE0F	classical building			art, culture
🏗️	U+1F3D7+FE0F	building construction			working
🧱	U+1F9F1	brick			bricks
🪨	U+1FAA8	rock			stone
🪵	U+1FAB5	wood			timber, trunk
🛖	U+1F6D6	hut			structure
🏘️	U+1F3D8+FE0F	houses			buildings
🏚️	U+1F3DA+FE0F	derelict house			abandon, evict, broken
🏠	U+1F3E0	house building			house, building
🏡	U+1F3E1	house with garden			
🏢	U+1F3E2	office building			bureau, work
🏣	U+1F3E3	Japanese post office			communication
🏤	U+1F3E4	european post office			post office
🏥	U+1F3E5	hospital			surgery
🏦	U+1F3E6	bank			sales, enterprise
🏨	U+1F3E8	hotel			accomodation, checkin
🏩	U+1F3E9	love hotel			
🏪	U+1F3EA	convenience store			shopping, groceries
🏫	U+1F3EB	school			education, teach
🏬	U+1F3EC	department store			mall
🏭	U+1F3ED	factory			industry, pollution, smoke
🏯	U+1F3EF	Japanese castle			
🏰	U+1F3F0	european castle			castle, history
💒	U+1F492	wedding			marriage
🗼	U+1F5FC	tokyo tower			Tokyo tower
🗽	U+1F5FD	statue of liberty			Statue of Liberty, american, newyork
⛪	U+26EA	church			religion, christ
🕌	U+1F54C	mosque			islam, minaret
🛕	U+1F6D5	hindu temple			
🕍	U+1F54D	synagogue			judaism
⛩️	U+26E9+FE0F	shinto shrine			temple, kyoto
🕋	U+1F54B	kaaba			mecca
⛲	U+26F2	fountain			fresh
⛺	U+26FA	tent			
🌁	U+1F301	foggy			
🌃	U+1F303	night with stars			evening, city, downtown
🏙️	U+1F3D9+FE0F	cityscape			night life, urban
🌄	U+1F304	sunrise over mountains			view
🌅	U+1F305	sunrise			morning
🌆	U+1F306	cityscape at dusk			sky
🌇	U+1F307	sunset over buildings			sunset, good morning, dawn
🌉	U+1F309	bridge at night			sanfrancisco
♨️	U+2668+FE0F	hot springs			bath
🎠	U+1F3A0	carousel horse			carnival
🛝	U+1F6DD	playground slide			park
🎡	U+1F3A1	ferris wheel			londoneye
🎢	U+1F3A2	roller coaster			playground
💈	U+1F488	barber pole			hair, salon, style
🎪	U+1F3AA	circus tent			
🚂	U+1F682	steam locomotive			locomotive, vehicle
🚃	U+1F683	railway car			
🚄	U+1F684	high-speed train			
🚅	U+1F685	high-speed train with bullet nose			bullet train, speed
🚆	U+1F686	train			
🚇	U+1F687	metro			blue-square, mrt, underground, tube
🚈	U+1F688	light rail			
🚉	U+1F689	station			public
🚊	U+1F68A	tram			
🚝	U+1F69D	monorail			
🚞	U+1F69E	mountain railway			
🚋	U+1F68B	tram car			carriage
🚌	U+1F68C	bus			car
🚍	U+1F68D	oncoming bus			
🚎	U+1F68E	trolleybus			bart
🚐	U+1F690	minibus			
🚑	U+1F691	ambulance			health, 911
🚒	U+1F692	fire engine			cars
🚓	U+1F693	police car			
🚔	U+1F694	oncoming police car			enforcement
🚕	U+1F695	taxi			uber
🚖	U+1F696	oncoming taxi			
🚗	U+1F697	automobile			
🚘	U+1F698	oncoming automobile			
🚙	U+1F699	recreational vehicle			sport utility vehicle
🛻	U+1F6FB	pickup truck			
🚚	U+1F69A	delivery truck			
🚛	U+1F69B	articulated lorry			express
🚜	U+1F69C	tractor			farming, agriculture
🏎️	U+1F3CE+FE0F	racing car			formula, f1
🏍️	U+1F3CD+FE0F	motorcycle			
🛵	U+1F6F5	motor scooter			vespa, sasha
🦽	U+1F9BD	manual wheelchair			
🦼	U+1F9BC	motorized wheelchair			
🛺	U+1F6FA	auto rickshaw			
🚲	U+1F6B2	bicycle			
🛴	U+1F6F4	scooter			kick scooter
🛹	U+1F6F9	skateboard			board
🛼	U+1F6FC	roller skate			footwear
🚏	U+1F68F	bus stop			wait
🛣️	U+1F6E3+FE0F	motorway			road, cupertino, interstate, highway
🛤️	U+1F6E4+FE0F	railway track			
🛢️	U+1F6E2+FE0F	oil drum			barrell
⛽	U+26FD	fuel pump			gas station, petroleum
🛞	U+1F6DE	wheel			transport
🚨	U+1F6A8	police cars revolving light			police car light, emergency, alert, pinged
🚥	U+1F6A5	horizontal traffic light			signal
🚦	U+1F6A6	vertical traffic light			driving
🛑	U+1F6D1	octagonal sign			stop sign
🚧	U+1F6A7	construction sign			construction, progress, caution
⚓	U+2693	anchor			boat
🛟	U+1F6DF	ring buoy			life saver, life preserver
⛵	U+26F5	sailboat			sailing
🛶	U+1F6F6	canoe			paddle
🚤	U+1F6A4	speedboat			
🛳️	U+1F6F3+FE0F	passenger ship			yacht, cruise
⛴️	U+26F4+FE0F	ferry			
🛥️	U+1F6E5+FE0F	motor boat			
🚢	U+1F6A2	ship			titanic, deploy
✈️	U+2708+FE0F	airplane			flight
🛩️	U+1F6E9+FE0F	small airplane			
🛫	U+1F6EB	airplane departure			airport, landing
🛬	U+1F6EC	airplane arriving			airplane arrival, boarding
🪂	U+1FA82	parachute			glide
💺	U+1F4BA	seat			sit
🚁	U+1F681	helicopter			
🚟	U+1F69F	suspension railway			
🚠	U+1F6A0	mountain cableway			ski
🚡	U+1F6A1	aerial tramway			
🛰️	U+1F6F0+FE0F	satellite			gps, orbit, spaceflight, ISS
🚀	U+1F680	rocket			launch, staffmode, NASA, outer space
🛸	U+1F6F8	flying saucer			ufo
🛎️	U+1F6CE+FE0F	bellhop bell			service
🧳	U+1F9F3	luggage			packing
⌛	U+231B	hourglass			hourglass done, time, clock, test
⏳	U+23F3	hourglass with flowing sand			hourglass not done, oldschool, countdown
⌚	U+231A	watch			accessories
⏰	U+23F0	alarm clock			wake
⏱️	U+23F1+FE0F	stopwatch			deadline
⏲️	U+23F2+FE0F	timer clock			alarm
🕰️	U+1F570+FE0F	mantelpiece clock			
🕛	U+1F55B	clock face twelve oclock			twelve o’clock, 12, 00:00, 0000, 12:00, 1200, noon, midnight, midday
🕧	U+1F567	clock face twelve-thirty			twelve-thirty, 00:30, 0030, 12:30, 1230, late
🕐	U+1F550	clock face one oclock			one o’clock, 1, 1:00, 100, 13:00, 1300
🕜	U+1F55C	clock face one-thirty			one-thirty, 1:30, 130, 13:30, 1330, early
🕑	U+1F551	clock face two oclock			two o’clock, 2, 2:00, 200, 14:00, 1400
🕝	U+1F55D	clock face two-thirty			two-thirty, 2:30, 230, 14:30, 1430
🕒	U+1F552	clock face three oclock			three o’clock, 3:00, 300, 15:00, 1500
🕞	U+1F55E	clock face three-thirty			three-thirty, 3:30, 330, 15:30, 1530
🕓	U+1F553	clock face four oclock			four o’clock, 4, 4:00, 400, 16:00, 1600
🕟	U+1F55F	clock face four-thirty			four-thirty, 4:30, 430, 16:30, 1630
🕔	U+1F554	clock face five oclock			five o’clock, 5, 5:00, 500, 17:00, 1700
🕠	U+1F560	clock face five-thirty			five-thirty, 5:30, 530, 17:30, 1730
🕕	U+1F555	clock face six oclock			six o’clock, 6, 6:00, 600, 18:00, 1800, dusk
🕡	U+1F561	clock face six-thirty			six-thirty, 6:30, 630, 18:30, 1830
🕖	U+1F556	clock face seven oclock			seven o’clock, 7, 7:00, 700, 19:00, 1900
🕢	U+1F562	clock face seven-thirty			seven-thirty, 7:30, 730, 19:30, 1930
🕗	U+1F557	clock face eight oclock			eight o’clock, 8, 8:00, 800, 20:00, 2000
🕣	U+1F563	clock face eight-thirty			eight-thirty, 8:30, 830, 20:30, 2030
🕘	U+1F558	clock face nine oclock			nine o’clock, 9, 9:00, 900, 21:00, 2100
🕤	U+1F564	clock face nine-thirty			nine-thirty, 9:30, 930, 21:30, 2130
🕙	U+1F559	clock face ten oclock			ten o’clock, 10, 10:00, 1000, 22:00, 2200
🕥	U+1F565	clock face ten-thirty			ten-thirty, 10:30, 1030, 22:30, 2230
🕚	U+1F55A	clock face eleven oclock			eleven o’clock, 11, 11:00, 1100, 23:00, 2300
🕦	U+1F566	clock face eleven-thirty			eleven-thirty, 11:30, 1130, 23:30, 2330
🌑	U+1F311	new Moon symbol			new moon, twilight
🌒	U+1F312	waxing crescent Moon symbol			waxing crescent moon, planet
🌓	U+1F313	first quarter Moon symbol			first quarter moon, sleep
🌔	U+1F314	waxing gibbous Moon symbol			waxing gibbous moon, gray
🌕	U+1F315	full Moon symbol			full moon
🌖	U+1F316	waning gibbous Moon symbol			waning gibbous moon
🌗	U+1F317	last quarter Moon symbol			last quarter moon
🌘	U+1F318	waning crescent Moon symbol			waning crescent moon
🌙	U+1F319	crescent Moon			crescent moon, night
🌚	U+1F31A	new Moon with face			new moon face
🌛	U+1F31B	first quarter Moon with face			first quarter moon face
🌜	U+1F31C	last quarter Moon with face			last quarter moon face
🌡️	U+1F321+FE0F	thermometer			
☀️	U+2600+FE0F	sun			brightness
🌝	U+1F31D	full Moon with face			full moon face
🌞	U+1F31E	Sun with face			sun with face
🪐	U+1FA90	ringed planet			
⭐	U+2B50	white medium star			star
🌟	U+1F31F	glowing star			awesome
🌠	U+1F320	shooting star			
🌌	U+1F30C	milky way			stars
☁️	U+2601+FE0F	cloud			
⛅	U+26C5	Sun behind cloud			sun behind cloud, cloudy
⛈️	U+26C8+FE0F	cloud with lightning and rain			lightning
🌤️	U+1F324+FE0F	sun behind small cloud			
🌥️	U+1F325+FE0F	sun behind large cloud			
🌦️	U+1F326+FE0F	sun behind rain cloud			
🌧️	U+1F327+FE0F	cloud with rain			
🌨️	U+1F328+FE0F	cloud with snow			
🌩️	U+1F329+FE0F	cloud with lightning			thunder
🌪️	U+1F32A+FE0F	tornado			twister
🌫️	U+1F32B+FE0F	fog			
🌬️	U+1F32C+FE0F	wind face			gust
🌀	U+1F300	cyclone			swirl, vortex, spiral, whirlpool, spin, hurricane, typhoon
🌈	U+1F308	rainbow			
🌂	U+1F302	closed umbrella			rain, drizzle
☂️	U+2602+FE0F	umbrella			
☔	U+2614	umbrella with rain drops			rainy
⛱️	U+26F1+FE0F	umbrella on ground			
⚡	U+26A1	high voltage sign			high voltage, lightning bolt, zap
❄️	U+2744+FE0F	snowflake			season
☃️	U+2603+FE0F	snowman			
⛄	U+26C4	snowman without snow			
☄️	U+2604+FE0F	comet			
🔥	U+1F525	fire			flame
💧	U+1F4A7	droplet			drip
🌊	U+1F30A	water wave			tsunami
🎃	U+1F383	jack-o-lantern			light, pumpkin
🎄	U+1F384	christmas tree			Christmas tree, vacation, december
🎆	U+1F386	fireworks			congratulations
🎇	U+1F387	firework sparkler			sparkler, shine
🧨	U+1F9E8	firecracker			dynamite, explosive
✨	U+2728	sparkles			shiny
🎈	U+1F388	balloon			birthday
🎉	U+1F389	party popper			tada
🎊	U+1F38A	confetti ball			
🎋	U+1F38B	tanabata tree			branch, tanzaku
🎍	U+1F38D	pine decoration			
🎎	U+1F38E	Japanese dolls			toy
🎏	U+1F38F	carp streamer			koinobori, carp
🎐	U+1F390	wind chime			ding
🎑	U+1F391	Moon viewing ceremony			moon viewing ceremony, tsukimi
🧧	U+1F9E7	red gift envelope			red envelope, gift
🎀	U+1F380	ribbon			bowtie
🎁	U+1F381	wrapped present			wrapped gift, present
🎗️	U+1F397+FE0F	reminder ribbon			cause, awareness
🎟️	U+1F39F+FE0F	admission tickets			concert, entrance
🎫	U+1F3AB	ticket			event, pass
🎖️	U+1F396+FE0F	military medal			award, army
🏆	U+1F3C6	trophy			win, ftw, ceremony
🏅	U+1F3C5	sports medal			winning
🥇	U+1F947	first place medal			1st place medal, first
🥈	U+1F948	second place medal			2nd place medal, second
🥉	U+1F949	third place medal			3rd place medal, third
⚽	U+26BD	soccer ball			football
⚾	U+26BE	baseball			balls
🥎	U+1F94E	softball			
🏀	U+1F3C0	basketball and hoop			basketball, NBA
🏐	U+1F3D0	volleyball			
🏈	U+1F3C8	American football			american football, NFL
🏉	U+1F3C9	rugby football			team
🎾	U+1F3BE	tennis racquet and ball			tennis
🥏	U+1F94F	flying disc			frisbee, ultimate
🎳	U+1F3B3	bowling			
🏏	U+1F3CF	cricket bat and ball			cricket game
🏑	U+1F3D1	field hockey stick and ball			field hockey
🏒	U+1F3D2	ice hockey stick and puck			ice hockey
🥍	U+1F94D	lacrosse stick and ball			lacrosse, ball
🏓	U+1F3D3	table tennis paddle and ball			ping pong, pingpong
🏸	U+1F3F8	badminton racquet and shuttlecock			badminton
🥊	U+1F94A	boxing glove			fighting
🥋	U+1F94B	martial arts uniform			judo, karate, taekwondo
🥅	U+1F945	goal net			
⛳	U+26F3	flag in hole			flag
⛸️	U+26F8+FE0F	ice skate			
🎣	U+1F3A3	fishing pole and fish			fishing pole
🤿	U+1F93F	diving mask			
🎽	U+1F3BD	running shirt with sash			running shirt, play, pageant
🎿	U+1F3BF	ski and ski boot			skis, snow
🛷	U+1F6F7	sled			sleigh, luge, toboggan
🥌	U+1F94C	curling stone			
🎯	U+1F3AF	direct hit			bullseye, bar, target, bullseye
🪀	U+1FA80	yo-yo			
🪁	U+1FA81	kite			
🔫	U+1F52B	pistol			revolver
🎱	U+1F3B1	billiards			pool 8 ball
🔮	U+1F52E	crystal ball			disco
🪄	U+1FA84	magic wand			supernature
🎮	U+1F3AE	video game			console, PS4, controller
🕹️	U+1F579+FE0F	joystick			
🎰	U+1F3B0	slot machine			bet, vegas, fruit machine, casino
🎲	U+1F3B2	game die			dice, random, tabletop
🧩	U+1F9E9	jigsaw puzzle piece			puzzle piece, interlocking, puzzle, piece
🧸	U+1F9F8	teddy bear			plush
🪅	U+1FA85	pinata			piñata, mexico
🪩	U+1FAA9	mirror ball			
🪆	U+1FA86	nesting dolls			matryoshka
♠️	U+2660+FE0F	spade suit			poker
♥️	U+2665+FE0F	heart suit			cards
♦️	U+2666+FE0F	diamond suit			suits
♣️	U+2663+FE0F	club suit			
♟️	U+265F+FE0F	chess pawn			expendable
🃏	U+1F0CF	playing card black joker			joker
🀄	U+1F004	mahjong tile red dragon			mahjong red dragon, chinese
🎴	U+1F3B4	flower playing cards			
🎭	U+1F3AD	performing arts			acting, theater
🖼️	U+1F5BC+FE0F	framed picture			photography
🎨	U+1F3A8	artist palette			design, paint, colors
🧵	U+1F9F5	spool of thread			thread, needle, sewing, spool, string
🪡	U+1FAA1	sewing needle			stitches
🧶	U+1F9F6	ball of yarn			yarn, crochet, knit
🪢	U+1FAA2	knot			rope, scout
👓	U+1F453	eyeglasses			glasses, fashion, eyesight
🕶️	U+1F576+FE0F	sunglasses			
🥽	U+1F97D	goggles			protection, safety
🥼	U+1F97C	lab coat			experiment
🦺	U+1F9BA	safety vest			
👔	U+1F454	necktie			shirt, suitup
👕	U+1F455	t-shirt			cloth, casual, tee
👖	U+1F456	jeans			
🧣	U+1F9E3	scarf			neck
🧤	U+1F9E4	gloves			clothes
🧥	U+1F9E5	coat			jacket
🧦	U+1F9E6	socks			stockings
👗	U+1F457	dress			
👘	U+1F458	kimono			
🥻	U+1F97B	sari			
🩱	U+1FA71	one-piece swimsuit			
🩲	U+1FA72	briefs			clothing
🩳	U+1FA73	shorts			
👙	U+1F459	bikini			swimming
👚	U+1F45A	womans clothes			woman’s clothes
🪭	U+1FAAD	folding hand fan			flamenco
👛	U+1F45B	purse			
👜	U+1F45C	handbag			accessory
👝	U+1F45D	pouch			clutch bag, bag
🛍️	U+1F6CD+FE0F	shopping bags			buy, purchase
🎒	U+1F392	school satchel			backpack
🩴	U+1FA74	thong sandal			
👞	U+1F45E	mans shoe			man’s shoe
👟	U+1F45F	athletic shoe			running shoe, shoes, sneakers
🥾	U+1F97E	hiking boot			backpacking, hiking
🥿	U+1F97F	flat shoe			ballet, slip-on, slipper
👠	U+1F460	high-heeled shoe			pumps, stiletto
👡	U+1F461	womans sandal			woman’s sandal, flip flops
🩰	U+1FA70	ballet shoes			dance
👢	U+1F462	womans boots			woman’s boot
🪮	U+1FAAE	hair pick			afro, comb
👑	U+1F451	crown			kod, leader, lord
👒	U+1F452	womans hat			woman’s hat
🎩	U+1F3A9	top hat			gentleman, classy
🎓	U+1F393	graduation cap			college, degree, university, graduation
🧢	U+1F9E2	billed cap			cap
🪖	U+1FA96	military helmet			
⛑️	U+26D1+FE0F	rescue worker’s helmet			
📿	U+1F4FF	prayer beads			dhikr, religious
💄	U+1F484	lipstick			
💍	U+1F48D	ring			propose, diamond, engagement
💎	U+1F48E	gem stone			ruby, jewelry
🔇	U+1F507	speaker with cancellation stroke			muted speaker, sound
🔈	U+1F508	speaker			speaker low volume, volume, broadcast
🔉	U+1F509	speaker with one sound wave			speaker medium volume, speaker
🔊	U+1F50A	speaker with three sound waves			speaker high volume, noise, noisy
📢	U+1F4E2	public address loudspeaker			loudspeaker
📣	U+1F4E3	cheering megaphone			megaphone
📯	U+1F4EF	postal horn			instrument
🔔	U+1F514	bell			notification, chime
🔕	U+1F515	bell with cancellation stroke			bell with slash, mute, silent
🎼	U+1F3BC	musical score			treble, clef
🎵	U+1F3B5	musical note			tone
🎶	U+1F3B6	multiple musical notes			musical notes, music
🎙️	U+1F399+FE0F	studio microphone			sing, recording
🎚️	U+1F39A+FE0F	level slider			scale
🎛️	U+1F39B+FE0F	control knobs			dial
🎤	U+1F3A4	microphone			PA, talkshow
🎧	U+1F3A7	headphone			gadgets
📻	U+1F4FB	radio			podcast, program
🎷	U+1F3B7	saxophone			jazz, blues
🪗	U+1FA97	accordion			
🎸	U+1F3B8	guitar			
🎹	U+1F3B9	musical keyboard			piano
🎺	U+1F3BA	trumpet			brass
🎻	U+1F3BB	violin			orchestra, symphony
🪕	U+1FA95	banjo			instructment
🥁	U+1F941	drum with drumsticks			drum, drumsticks, snare
🪘	U+1FA98	long drum			
🪇	U+1FA87	maracas			percussion
🪈	U+1FA88	flute			bamboo, pied piper
📱	U+1F4F1	mobile phone			technology, apple
📲	U+1F4F2	mobile phone with rightwards arrow at left			mobile phone with arrow, iphone, incoming
☎️	U+260E+FE0F	telephone			
📞	U+1F4DE	telephone receiver			
📟	U+1F4DF	pager			bbcall, 90s
📠	U+1F4E0	fax machine			
🔋	U+1F50B	battery			power, energy, sustain
🪫	U+1FAAB	low battery			drained
🔌	U+1F50C	electric plug			charger
💻	U+1F4BB	personal computer			laptop, screen, display, monitor
🖥️	U+1F5A5+FE0F	desktop computer			computing
🖨️	U+1F5A8+FE0F	printer			paper, ink
⌨️	U+2328+FE0F	keyboard			type, text
🖱️	U+1F5B1+FE0F	computer mouse			click
🖲️	U+1F5B2+FE0F	trackball			trackpad
💽	U+1F4BD	minidisc			computer disk, record, data
💾	U+1F4BE	floppy disk			save, 80s
💿	U+1F4BF	optical disc			optical disk, disk, disc
📀	U+1F4C0	dvd			cd
🧮	U+1F9EE	abacus			calculation
🎥	U+1F3A5	movie camera			film
🎞️	U+1F39E+FE0F	film frames			movie
📽️	U+1F4FD+FE0F	film projector			video
🎬	U+1F3AC	clapper board			
📺	U+1F4FA	television			show
📷	U+1F4F7	camera			
📸	U+1F4F8	camera with flash			
📹	U+1F4F9	video camera			
📼	U+1F4FC	videocassette			
🔍	U+1F50D	left-pointing magnifying glass			magnifying glass tilted left, search, find
🔎	U+1F50E	right-pointing magnifying glass			magnifying glass tilted right, zoom
🕯️	U+1F56F+FE0F	candle			wax
💡	U+1F4A1	electric light bulb			light bulb, electricity, idea
🔦	U+1F526	electric torch			flashlight, dark, sight
🏮	U+1F3EE	izakaya lantern			red paper lantern
🪔	U+1FA94	diya lamp			lighting
📔	U+1F4D4	notebook with decorative cover			classroom, study
📕	U+1F4D5	closed book			read
📖	U+1F4D6	open book			book
📗	U+1F4D7	green book			library
📘	U+1F4D8	blue book			knowledge
📙	U+1F4D9	orange book			textbook
📚	U+1F4DA	books			literature
📓	U+1F4D3	notebook			stationery
📒	U+1F4D2	ledger			notes
📃	U+1F4C3	page with curl			documents
📜	U+1F4DC	scroll			ancient
📄	U+1F4C4	page facing up			office
📰	U+1F4F0	newspaper			press
🗞️	U+1F5DE+FE0F	rolled-up newspaper			headline
📑	U+1F4D1	bookmark tabs			favorite, order, tidy
🔖	U+1F516	bookmark			
🏷️	U+1F3F7+FE0F	label			sale, tag
💰	U+1F4B0	money bag			dollar, coins
🪙	U+1FA99	coin			money
💴	U+1F4B4	banknote with yen sign			yen banknote, currency
💵	U+1F4B5	banknote with dollar sign			dollar banknote, bill
💶	U+1F4B6	banknote with euro sign			euro banknote
💷	U+1F4B7	banknote with pound sign			pound banknote, british, sterling, england
💸	U+1F4B8	money with wings			bills
💳	U+1F4B3	credit card			
🧾	U+1F9FE	receipt			accounting, expenses
💹	U+1F4B9	chart with upwards trend and yen sign			chart increasing with yen, green-square
✉️	U+2709+FE0F	envelope			letter, postal
📧	U+1F4E7	e-mail symbol			e-mail, inbox
📨	U+1F4E8	incoming envelope			
📩	U+1F4E9	envelope with downwards arrow above			envelope with arrow
📤	U+1F4E4	outbox tray			
📥	U+1F4E5	inbox tray			
📦	U+1F4E6	package			mail, cardboard, moving
📫	U+1F4EB	closed mailbox with raised flag			
📪	U+1F4EA	closed mailbox with lowered flag			
📬	U+1F4EC	open mailbox with raised flag			
📭	U+1F4ED	open mailbox with lowered flag			
📮	U+1F4EE	postbox			
🗳️	U+1F5F3+FE0F	ballot box with ballot			election
✏️	U+270F+FE0F	pencil			write
✒️	U+2712+FE0F	black nib			
🖋️	U+1F58B+FE0F	fountain pen			writing
🖊️	U+1F58A+FE0F	pen			
🖌️	U+1F58C+FE0F	paintbrush			drawing
🖍️	U+1F58D+FE0F	crayon			
📝	U+1F4DD	memo			
💼	U+1F4BC	briefcase			job, career
📁	U+1F4C1	file folder			
📂	U+1F4C2	open file folder			load
🗂️	U+1F5C2+FE0F	card index dividers			organizing
📅	U+1F4C5	calendar			schedule
📆	U+1F4C6	tear-off calendar			planning
🗒️	U+1F5D2+FE0F	spiral notepad			
🗓️	U+1F5D3+FE0F	spiral calendar			date
📇	U+1F4C7	card index			
📈	U+1F4C8	chart with upwards trend			chart increasing, graph, recovery, success
📉	U+1F4C9	chart with downwards trend			chart decreasing, presentation, recession, failure
📊	U+1F4CA	bar chart			stats
📋	U+1F4CB	clipboard			
📌	U+1F4CC	pushpin			mark
📍	U+1F4CD	round pushpin			map
📎	U+1F4CE	paperclip			
🖇️	U+1F587+FE0F	linked paperclips			
📏	U+1F4CF	straight ruler			calculate, length, sketch
📐	U+1F4D0	triangular ruler			math, architect
✂️	U+2702+FE0F	scissors			
🗃️	U+1F5C3+FE0F	card file box			
🗄️	U+1F5C4+FE0F	file cabinet			filing
🗑️	U+1F5D1+FE0F	wastebasket			bin, rubbish, toss
🔒	U+1F512	lock			locked, security, password, padlock
🔓	U+1F513	open lock			unlocked, privacy
🔏	U+1F50F	lock with ink pen			locked with pen
🔐	U+1F510	closed lock with key			locked with key
🔑	U+1F511	key			lock
🗝️	U+1F5DD+FE0F	old key			
🔨	U+1F528	hammer			tools
🪓	U+1FA93	axe			tool
⛏️	U+26CF+FE0F	pick			dig
⚒️	U+2692+FE0F	hammer and pick			create
🛠️	U+1F6E0+FE0F	hammer and wrench			
🗡️	U+1F5E1+FE0F	dagger			weapon
⚔️	U+2694+FE0F	crossed swords			
💣	U+1F4A3	bomb			boom, terrorism
🪃	U+1FA83	boomerang			
🏹	U+1F3F9	bow and arrow			
🛡️	U+1F6E1+FE0F	shield			
🪚	U+1FA9A	carpentry saw			
🔧	U+1F527	wrench			diy, ikea
🪛	U+1FA9B	screwdriver			
🔩	U+1F529	nut and bolt			handy
⚙️	U+2699+FE0F	gear			cog
🗜️	U+1F5DC+FE0F	clamp			
⚖️	U+2696+FE0F	balance scale			fairness, weight
🦯	U+1F9AF	probing cane			white cane
🔗	U+1F517	link symbol			link, rings, url
⛓️‍💥	U+26D3+FE0F+200D+1F4A5	broken chain			constraint
⛓️	U+26D3+FE0F	chains			arrest
🪝	U+1FA9D	hook			
🧰	U+1F9F0	toolbox			fix, maintainer
🧲	U+1F9F2	magnet			attraction
🪜	U+1FA9C	ladder			
⚗️	U+2697+FE0F	alembic			distilling
🧪	U+1F9EA	test tube			lab
🧫	U+1F9EB	petri dish			bacteria, biology
🧬	U+1F9EC	dna double helix			dna, genetics, life
🔬	U+1F52C	microscope			laboratory, zoomin
🔭	U+1F52D	telescope			science, astronomy
📡	U+1F4E1	satellite antenna			future
💉	U+1F489	syringe			drugs
🩸	U+1FA78	drop of blood			period, hurt, harm, wound
💊	U+1F48A	pill			pharmacy, drug
🩹	U+1FA79	adhesive bandage			heal
🩼	U+1FA7C	crutch			assist
🩺	U+1FA7A	stethoscope			
🩻	U+1FA7B	x-ray			
🚪	U+1F6AA	door			entry, exit
🛗	U+1F6D7	elevator			lift
🪞	U+1FA9E	mirror			reflection
🪟	U+1FA9F	window			scenery
🛏️	U+1F6CF+FE0F	bed			
🛋️	U+1F6CB+FE0F	couch and lamp			chill
🪑	U+1FA91	chair			furniture
🚽	U+1F6BD	toilet			wc, washroom, potty
🪠	U+1FAA0	plunger			
🚿	U+1F6BF	shower			bathroom
🛁	U+1F6C1	bathtub			
🪤	U+1FAA4	mouse trap			
🪒	U+1FA92	razor			
🧴	U+1F9F4	lotion bottle			moisturizer, sunscreen
🧷	U+1F9F7	safety pin			diaper
🧹	U+1F9F9	broom			cleaning, sweeping
🧺	U+1F9FA	basket			laundry
🧻	U+1F9FB	roll of paper			roll
🪣	U+1FAA3	bucket			
🧼	U+1F9FC	bar of soap			soap, bathing, lather
🫧	U+1FAE7	bubbles			carbonation, sparkling
🪥	U+1FAA5	toothbrush			hygiene, dental
🧽	U+1F9FD	sponge			absorbing, porous
🧯	U+1F9EF	fire extinguisher			quench
🛒	U+1F6D2	shopping trolley			shopping cart, trolley
🚬	U+1F6AC	smoking symbol			cigarette, kills, tobacco, joint
⚰️	U+26B0+FE0F	coffin			die, graveyard, cemetery, casket, funeral
🪦	U+1FAA6	headstone			death, grave
⚱️	U+26B1+FE0F	funeral urn			rip, ashes
🧿	U+1F9FF	nazar amulet			bead, charm
🪬	U+1FAAC	hamsa			
🗿	U+1F5FF	moyai			moai, easter island
🪧	U+1FAA7	placard			announcement
🪪	U+1FAAA	identification card			document
🏧	U+1F3E7	automated teller machine			ATM sign, cash
🚮	U+1F6AE	put litter in its place symbol			litter in bin sign, sign
🚰	U+1F6B0	potable water symbol			potable water, liquid
♿	U+267F	wheelchair symbol			disabled
🚹	U+1F6B9	mens symbol			men’s room, gender
🚺	U+1F6BA	womens symbol			women’s room, loo
🚻	U+1F6BB	restroom			refresh
🚼	U+1F6BC	baby symbol			orange-square
🚾	U+1F6BE	water closet			
🛂	U+1F6C2	passport control			custom
🛃	U+1F6C3	customs			passport, border
🛄	U+1F6C4	baggage claim			
🛅	U+1F6C5	left luggage			
⚠️	U+26A0+FE0F	warning			exclamation, error, problem, issue
🚸	U+1F6B8	children crossing			yellow-diamond
⛔	U+26D4	no entry			limit, denied
🚫	U+1F6AB	no entry sign			prohibited, forbid, disallow
🚳	U+1F6B3	no bicycles			
🚭	U+1F6AD	no smoking symbol			no smoking
🚯	U+1F6AF	do not litter symbol			no littering, trash, garbage
🚱	U+1F6B1	non-potable water symbol			non-potable water, faucet, tap
🚷	U+1F6B7	no pedestrians			rules, crossing
📵	U+1F4F5	no mobile phones			circle
🔞	U+1F51E	no one under eighteen symbol			no one under eighteen, 18, minor
☢️	U+2622+FE0F	radioactive			nuclear
☣️	U+2623+FE0F	biohazard			danger
↗️	U+2197+FE0F	up-right arrow			point, northeast
↘️	U+2198+FE0F	down-right arrow			diagonal, southeast
↙️	U+2199+FE0F	down-left arrow			southwest
↖️	U+2196+FE0F	up-left arrow			northwest
↕️	U+2195+FE0F	up-down arrow			way, vertical
↔️	U+2194+FE0F	left-right arrow			shape, horizontal, sideways
↩️	U+21A9+FE0F	right arrow curving left			back, undo, enter
↪️	U+21AA+FE0F	left arrow curving right			return, rotate
⤴️	U+2934+FE0F	right arrow curving up			top
⤵️	U+2935+FE0F	right arrow curving down			
🔃	U+1F503	clockwise downwards and upwards open circle arrows			clockwise vertical arrows, sync, repeat
🔄	U+1F504	anticlockwise downwards and upwards open circle arrows			counterclockwise arrows button, cycle
🔙	U+1F519	back with leftwards arrow above			BACK arrow, arrow
🔚	U+1F51A	end with leftwards arrow above			END arrow
🔛	U+1F51B	on with exclamation mark with left right arrow above			ON! arrow
🔜	U+1F51C	soon with rightwards arrow above			SOON arrow
🔝	U+1F51D	top with upwards arrow above			TOP arrow
🛐	U+1F6D0	place of worship			
⚛️	U+269B+FE0F	atom symbol			physics
🕉️	U+1F549+FE0F	om			buddhism, jainism
✡️	U+2721+FE0F	star of David			
☸️	U+2638+FE0F	wheel of dharma			sikhism
☯️	U+262F+FE0F	yin yang			balance
✝️	U+271D+FE0F	latin cross			christianity
☦️	U+2626+FE0F	orthodox cross			suppedaneum
☪️	U+262A+FE0F	star and crescent			
☮️	U+262E+FE0F	peace symbol			hippie
🕎	U+1F54E	menorah with nine branches			menorah, hanukkah, candles
🔯	U+1F52F	six pointed star with middle dot			dotted six-pointed star, jewish, hexagram
🪯	U+1FAAF	khanda			Sikhism
♈	U+2648	aries			Aries, zodiac
♉	U+2649	taurus			Taurus, astrology
♊	U+264A	gemini			Gemini
♋	U+264B	cancer			Cancer
♌	U+264C	leo			Leo
♍	U+264D	virgo			Virgo
♏	U+264F	scorpius			Scorpio
♐	U+2650	sagittarius			Sagittarius
♑	U+2651	capricorn			Capricorn
♒	U+2652	aquarius			Aquarius
♓	U+2653	pisces			Pisces
⛎	U+26CE	ophiuchus			Ophiuchus, constellation
🔀	U+1F500	twisted rightwards arrows			shuffle tracks button, shuffle
🔁	U+1F501	clockwise rightwards and leftwards open circle arrows			repeat button, loop
🔂	U+1F502	clockwise rightwards and leftwards open circle arrows with circled one overlay			repeat single button
▶️	U+25B6+FE0F	play button			
⏩	U+23E9	black right-pointing double triangle			fast-forward button
⏭️	U+23ED+FE0F	next track button			forward
⏯️	U+23EF+FE0F	play or pause button			pause
◀️	U+25C0+FE0F	reverse button			left
⏪	U+23EA	black left-pointing double triangle			fast reverse button
⏮️	U+23EE+FE0F	last track button			backward
🔼	U+1F53C	up-pointing small red triangle			upwards button, triangle
⏫	U+23EB	black up-pointing double triangle			fast up button
🔽	U+1F53D	down-pointing small red triangle			downwards button
⏬	U+23EC	black down-pointing double triangle			fast down button
⏸️	U+23F8+FE0F	pause button			
⏹️	U+23F9+FE0F	stop button			
⏺️	U+23FA+FE0F	record button			
⏏️	U+23CF+FE0F	eject button			
🎦	U+1F3A6	cinema			curtain, stage
🔅	U+1F505	low brightness symbol			dim button, afternoon
🔆	U+1F506	high brightness symbol			bright button
📶	U+1F4F6	antenna with bars			antenna bars, reception, connection, bluetooth, bars
🛜	U+1F6DC	wireless			wifi, contactless
📳	U+1F4F3	vibration mode			
📴	U+1F4F4	mobile phone off			
♀️	U+2640+FE0F	female sign			
♂️	U+2642+FE0F	male sign			
⚧️	U+26A7+FE0F	transgender symbol			transgender
✖️	U+2716+FE0F	multiply			
➕	U+2795	heavy plus sign			plus, addition, more, increase
➖	U+2796	heavy minus sign			minus, subtract, less
➗	U+2797	heavy division sign			divide, divide
🟰	U+1F7F0	heavy equals sign			
‼️	U+203C+FE0F	double exclamation mark			
⁉️	U+2049+FE0F	exclamation question mark			wat
❓	U+2753	black question mark ornament			red question mark
❔	U+2754	white question mark ornament			white question mark, doubts
❕	U+2755	white exclamation mark ornament			white exclamation mark, punctuation
❗	U+2757	heavy exclamation mark symbol			red exclamation mark
〰️	U+3030+FE0F	wavy dash			draw, line, moustache
💱	U+1F4B1	currency exchange			travel
💲	U+1F4B2	heavy dollar sign			payment, buck
⚕️	U+2695+FE0F	medical symbol			
♻️	U+267B+FE0F	recycling symbol			
⚜️	U+269C+FE0F	fleur-de-lis			decorative
🔱	U+1F531	trident emblem			spear
📛	U+1F4DB	name badge			
🔰	U+1F530	Japanese symbol for beginner			badge
✅	U+2705	white heavy check mark			check mark button, vote, answer
➰	U+27B0	curly loop			scribble, squiggle
➿	U+27BF	double curly loop			tape, cassette
〽️	U+303D+FE0F	part alternation mark			economics
✳️	U+2733+FE0F	eight-spoked asterisk			
✴️	U+2734+FE0F	eight-pointed star			polygon
❇️	U+2747+FE0F	sparkle			
©️	U+00A9+FE0F	copyright			ip, license
®️	U+00AE+FE0F	registered			alphabet
™️	U+2122+FE0F	trade mark			trademark, brand
#️⃣	U+0023+FE0F+20E3	keycap #			symbol, twitter
*️⃣	U+002A+FE0F+20E3	keycap *			keycap
0️⃣	U+0030+FE0F+20E3	keycap 0			0, null, zero
1️⃣	U+0031+FE0F+20E3	keycap 1			one
2️⃣	U+0032+FE0F+20E3	keycap 2			numbers
3️⃣	U+0033+FE0F+20E3	keycap 3			prime, three
4️⃣	U+0034+FE0F+20E3	keycap 4			four
5️⃣	U+0035+FE0F+20E3	keycap 5			five
6️⃣	U+0036+FE0F+20E3	keycap 6			six
7️⃣	U+0037+FE0F+20E3	keycap 7			seven
8️⃣	U+0038+FE0F+20E3	keycap 8			eight
9️⃣	U+0039+FE0F+20E3	keycap 9			nine
🔟	U+1F51F	keycap ten			keycap 10, ten
🔠	U+1F520	input symbol for Latin capital letters			input latin uppercase, letters, uppercase
🔡	U+1F521	input symbol for Latin small letters			input latin lowercase, lowercase
🔢	U+1F522	input symbol for numbers			input numbers, 1234
🔣	U+1F523	input symbol for symbols			input symbols, note, ampersand, percent, glyphs, characters
🔤	U+1F524	input symbol for Latin letters			input latin letters
🅰️	U+1F170+FE0F	A button (blood type)			red-square
🆎	U+1F18E	negative squared ab			AB button (blood type)
🅱️	U+1F171+FE0F	B button (blood type)			
🆑	U+1F191	squared cl			CL button
🆒	U+1F192	squared cool			COOL button
🆓	U+1F193	squared free			FREE button
ℹ️	U+2139+FE0F	information			
🆔	U+1F194	squared id			ID button
Ⓜ️	U+24C2+FE0F	circled M			blue-circle
🆕	U+1F195	squared new			NEW button, start
🆖	U+1F196	squared ng			NG button, icon
🅾️	U+1F17E+FE0F	O button (blood type)			
🆗	U+1F197	squared ok			OK button
🅿️	U+1F17F+FE0F	P button			
🆘	U+1F198	squared sos			SOS button, help
🆙	U+1F199	squared up with exclamation mark			UP! button, above, high
🆚	U+1F19A	squared vs			VS button
🈁	U+1F201	squared katakana koko			Japanese “here” button, here, destination
🈂️	U+1F202+FE0F	Japanese “service charge” button			katakana
🈷️	U+1F237+FE0F	Japanese “monthly amount” button			month, moon
🈶	U+1F236	squared cjk unified ideograph-6709			Japanese “not free of charge” button, have
🈯	U+1F22F	squared cjk unified ideograph-6307			Japanese “reserved” button
🉐	U+1F250	circled ideograph advantage			Japanese “bargain” button, kanji, obtain, get
🈹	U+1F239	squared cjk unified ideograph-5272			Japanese “discount” button, pink-square
🈚	U+1F21A	squared cjk unified ideograph-7121			Japanese “free of charge” button, nothing
🈲	U+1F232	squared cjk unified ideograph-7981			Japanese “prohibited” button, forbidden, restricted
🉑	U+1F251	circled ideograph accept			Japanese “acceptable” button, orange-circle
🈸	U+1F238	squared cjk unified ideograph-7533			Japanese “application” button
🈴	U+1F234	squared cjk unified ideograph-5408			Japanese “passing grade” button, join
🈳	U+1F233	squared cjk unified ideograph-7a7a			Japanese “vacancy” button, empty
㊗️	U+3297+FE0F	Japanese “congratulations” button			red-circle
㊙️	U+3299+FE0F	Japanese “secret” button			sshh
🈺	U+1F23A	squared cjk unified ideograph-55b6			Japanese “open for business” button, opening hours
🈵	U+1F235	squared cjk unified ideograph-6e80			Japanese “no vacancy” button, full
🔴	U+1F534	large red circle			red circle
🟠	U+1F7E0	large orange circle			orange circle
🟡	U+1F7E1	large yellow circle			yellow circle
🟢	U+1F7E2	large green circle			green circle
🔵	U+1F535	large blue circle			blue circle, button
🟣	U+1F7E3	large purple circle			purple circle
🟤	U+1F7E4	large brown circle			brown circle
⚫	U+26AB	medium black circle			black circle
⚪	U+26AA	medium white circle			white circle
🟥	U+1F7E5	large red square			red square
🟧	U+1F7E7	large orange square			orange square
🟨	U+1F7E8	large yellow square			yellow square
🟩	U+1F7E9	large green square			green square
🟦	U+1F7E6	large blue square			blue square
🟪	U+1F7EA	large purple square			purple square
🟫	U+1F7EB	large brown square			brown square
⬛	U+2B1B	black large square			
⬜	U+2B1C	white large square			
◼️	U+25FC+FE0F	black medium square			
◻️	U+25FB+FE0F	white medium square			
◾	U+25FE	black medium small square			black medium-small square
◽	U+25FD	white medium small square			white medium-small square
▪️	U+25AA+FE0F	black small square			
▫️	U+25AB+FE0F	white small square			
🔶	U+1F536	large orange diamond			jewel
🔷	U+1F537	large blue diamond			
🔸	U+1F538	small orange diamond			
🔹	U+1F539	small blue diamond			
🔺	U+1F53A	up-pointing red triangle			red triangle pointed up
🔻	U+1F53B	down-pointing red triangle			red triangle pointed down
💠	U+1F4A0	diamond shape with a dot inside			diamond with a dot, gem, crystal, fancy
🔘	U+1F518	radio button			input
🔳	U+1F533	white square button			
🔲	U+1F532	black square button			frame
🏁	U+1F3C1	chequered flag			contest, finishline, gokart
🚩	U+1F6A9	triangular flag on post			triangular flag, milestone
🎌	U+1F38C	crossed flags			country
🏴	U+1F3F4	waving black flag			black flag, pirate
🏳️	U+1F3F3+FE0F	white flag			losing, loser, lost, surrender, give up
🏳️‍🌈	U+1F3F3+FE0F+200D+1F308	rainbow flag			gay, lgbt, queer, homosexual, lesbian, bisexual
🏳️‍⚧️	U+1F3F3+FE0F+200D+26A7+FE0F	transgender flag			lgbtq
🏴‍☠️	U+1F3F4+200D+2620+FE0F	pirate flag			crossbones
🇦🇨	U+1F1E6+1F1E8	flag Ascension Island			
🇦🇩	U+1F1E6+1F1E9	flag Andorra			ad, andorra
🇦🇪	U+1F1E6+1F1EA	flag United Arab Emirates			united, arab, emirates
🇦🇫	U+1F1E6+1F1EB	flag Afghanistan			af, afghanistan
🇦🇬	U+1F1E6+1F1EC	flag Antigua & Barbuda			antigua, barbuda
🇦🇮	U+1F1E6+1F1EE	flag Anguilla			ai, anguilla
🇦🇱	U+1F1E6+1F1F1	flag Albania			al, albania
🇦🇲	U+1F1E6+1F1F2	flag Armenia			am, armenia
🇦🇴	U+1F1E6+1F1F4	flag Angola			ao, angola
🇦🇶	U+1F1E6+1F1F6	flag Antarctica			aq, antarctica
🇦🇷	U+1F1E6+1F1F7	flag Argentina			ar, argentina
🇦🇸	U+1F1E6+1F1F8	flag American Samoa			ws
🇦🇹	U+1F1E6+1F1F9	flag Austria			at, austria
🇦🇺	U+1F1E6+1F1FA	flag Australia			au
🇦🇼	U+1F1E6+1F1FC	flag Aruba			aruba
🇦🇽	U+1F1E6+1F1FD	flag Åland Islands			Åland
🇦🇿	U+1F1E6+1F1FF	flag Azerbaijan			az, azerbaijan
🇧🇦	U+1F1E7+1F1E6	flag Bosnia & Herzegovina			bosnia, herzegovina
🇧🇧	U+1F1E7+1F1E7	flag Barbados			bb, barbados
🇧🇩	U+1F1E7+1F1E9	flag Bangladesh			bd, bangladesh
🇧🇪	U+1F1E7+1F1EA	flag Belgium			be, belgium
🇧🇫	U+1F1E7+1F1EB	flag Burkina Faso			burkina, faso
🇧🇬	U+1F1E7+1F1EC	flag Bulgaria			bg, bulgaria
🇧🇭	U+1F1E7+1F1ED	flag Bahrain			bh, bahrain
🇧🇮	U+1F1E7+1F1EE	flag Burundi			bi, burundi
🇧🇯	U+1F1E7+1F1EF	flag Benin			bj, benin
🇧🇱	U+1F1E7+1F1F1	flag St. Barthélemy			saint, barthélemy
🇧🇲	U+1F1E7+1F1F2	flag Bermuda			bm, bermuda
🇧🇳	U+1F1E7+1F1F3	flag Brunei			bn, darussalam, brunei
🇧🇴	U+1F1E7+1F1F4	flag Bolivia			bo, bolivia
🇧🇶	U+1F1E7+1F1F6	flag Caribbean Netherlands			bonaire
🇧🇷	U+1F1E7+1F1F7	flag Brazil			br, brazil
🇧🇸	U+1F1E7+1F1F8	flag Bahamas			bs, bahamas
🇧🇹	U+1F1E7+1F1F9	flag Bhutan			bt, bhutan
🇧🇻	U+1F1E7+1F1FB	flag Bouvet Island			norway
🇧🇼	U+1F1E7+1F1FC	flag Botswana			bw, botswana
🇧🇾	U+1F1E7+1F1FE	flag Belarus			by, belarus
🇧🇿	U+1F1E7+1F1FF	flag Belize			bz, belize
🇨🇦	U+1F1E8+1F1E6	flag Canada			
🇨🇨	U+1F1E8+1F1E8	flag Cocos (Keeling) Islands			cocos, keeling
🇨🇩	U+1F1E8+1F1E9	flag Congo - Kinshasa			congo, democratic
🇨🇫	U+1F1E8+1F1EB	flag Central African Republic			central, african
🇨🇬	U+1F1E8+1F1EC	flag Congo - Brazzaville			
🇨🇭	U+1F1E8+1F1ED	flag Switzerland			ch, switzerland
🇨🇮	U+1F1E8+1F1EE	flag Côte d’Ivoire			ivory, coast
🇨🇰	U+1F1E8+1F1F0	flag Cook Islands			islands
🇨🇱	U+1F1E8+1F1F1	flag Chile			chile
🇨🇲	U+1F1E8+1F1F2	flag Cameroon			cm, cameroon
🇨🇳	U+1F1E8+1F1F3	flag China			china, prc
🇨🇴	U+1F1E8+1F1F4	flag Colombia			co, colombia
🇨🇵	U+1F1E8+1F1F5	flag Clipperton Island			
🇨🇷	U+1F1E8+1F1F7	flag Costa Rica			costa, rica
🇨🇺	U+1F1E8+1F1FA	flag Cuba			cu, cuba
🇨🇻	U+1F1E8+1F1FB	flag Cape Verde			cabo, verde
🇨🇼	U+1F1E8+1F1FC	flag Curaçao			curaçao, curacao
🇨🇽	U+1F1E8+1F1FD	flag Christmas Island			christmas, island
🇨🇾	U+1F1E8+1F1FE	flag Cyprus			cy, cyprus
🇨🇿	U+1F1E8+1F1FF	flag Czechia			cz, czechia
🇩🇪	U+1F1E9+1F1EA	flag Germany			german
🇩🇬	U+1F1E9+1F1EC	flag Diego Garcia			
🇩🇯	U+1F1E9+1F1EF	flag Djibouti			dj, djibouti
🇩🇰	U+1F1E9+1F1F0	flag Denmark			dk, denmark
🇩🇲	U+1F1E9+1F1F2	flag Dominica			dm, dominica
🇩🇴	U+1F1E9+1F1F4	flag Dominican Republic			dominican, republic
🇩🇿	U+1F1E9+1F1FF	flag Algeria			dz, algeria
🇪🇦	U+1F1EA+1F1E6	flag Ceuta & Melilla			
🇪🇨	U+1F1EA+1F1E8	flag Ecuador			ec, ecuador
🇪🇪	U+1F1EA+1F1EA	flag Estonia			ee, estonia
🇪🇬	U+1F1EA+1F1EC	flag Egypt			eg, egypt
🇪🇭	U+1F1EA+1F1ED	flag Western Sahara			western, sahara
🇪🇷	U+1F1EA+1F1F7	flag Eritrea			er, eritrea
🇪🇸	U+1F1EA+1F1F8	flag Spain			spain
🇪🇹	U+1F1EA+1F1F9	flag Ethiopia			et, ethiopia
🇪🇺	U+1F1EA+1F1FA	flag European Union			european, union
🇫🇮	U+1F1EB+1F1EE	flag Finland			fi, finland
🇫🇯	U+1F1EB+1F1EF	flag Fiji			fj, fiji
🇫🇰	U+1F1EB+1F1F0	flag Falkland Islands			falkland, malvinas
🇫🇲	U+1F1EB+1F1F2	flag Micronesia			micronesia, federated
🇫🇴	U+1F1EB+1F1F4	flag Faroe Islands			faroe
🇫🇷	U+1F1EB+1F1F7	flag France			banner
🇬🇦	U+1F1EC+1F1E6	flag Gabon			ga, gabon
🇬🇧	U+1F1EC+1F1E7	flag United Kingdom			kingdom, great, britain, UK, union jack
🇬🇩	U+1F1EC+1F1E9	flag Grenada			gd, grenada
🇬🇪	U+1F1EC+1F1EA	flag Georgia			ge, georgia
🇬🇫	U+1F1EC+1F1EB	flag French Guiana			guiana
🇬🇬	U+1F1EC+1F1EC	flag Guernsey			gg, guernsey
🇬🇭	U+1F1EC+1F1ED	flag Ghana			gh, ghana
🇬🇮	U+1F1EC+1F1EE	flag Gibraltar			gi, gibraltar
🇬🇱	U+1F1EC+1F1F1	flag Greenland			gl, greenland
🇬🇲	U+1F1EC+1F1F2	flag Gambia			gm, gambia
🇬🇳	U+1F1EC+1F1F3	flag Guinea			gn, guinea
🇬🇵	U+1F1EC+1F1F5	flag Guadeloupe			gp, guadeloupe
🇬🇶	U+1F1EC+1F1F6	flag Equatorial Guinea			equatorial
🇬🇷	U+1F1EC+1F1F7	flag Greece			gr, greece
🇬🇸	U+1F1EC+1F1F8	flag South Georgia & South Sandwich Islands			south
🇬🇹	U+1F1EC+1F1F9	flag Guatemala			gt, guatemala
🇬🇺	U+1F1EC+1F1FA	flag Guam			gu, guam
🇬🇼	U+1F1EC+1F1FC	flag Guinea-Bissau			gw, bissau
🇬🇾	U+1F1EC+1F1FE	flag Guyana			gy, guyana
🇭🇰	U+1F1ED+1F1F0	flag Hong Kong SAR China			hong, kong
🇭🇲	U+1F1ED+1F1F2	flag Heard & McDonald Islands			
🇭🇳	U+1F1ED+1F1F3	flag Honduras			hn, honduras
🇭🇷	U+1F1ED+1F1F7	flag Croatia			hr, croatia
🇭🇹	U+1F1ED+1F1F9	flag Haiti			ht, haiti
🇭🇺	U+1F1ED+1F1FA	flag Hungary			hu, hungary
🇮🇨	U+1F1EE+1F1E8	flag Canary Islands			canary
🇮🇩	U+1F1EE+1F1E9	flag Indonesia			indonesia
🇮🇪	U+1F1EE+1F1EA	flag Ireland			ie, ireland
🇮🇱	U+1F1EE+1F1F1	flag Israel			il, israel
🇮🇲	U+1F1EE+1F1F2	flag Isle of Man			isle
🇮🇳	U+1F1EE+1F1F3	flag India			in, india
🇮🇴	U+1F1EE+1F1F4	flag British Indian Ocean Territory			territory
🇮🇶	U+1F1EE+1F1F6	flag Iraq			iq, iraq
🇮🇷	U+1F1EE+1F1F7	flag Iran			iran, islamic
🇮🇸	U+1F1EE+1F1F8	flag Iceland			is, iceland
🇮🇹	U+1F1EE+1F1F9	flag Italy			italy
🇯🇪	U+1F1EF+1F1EA	flag Jersey			je, jersey
🇯🇲	U+1F1EF+1F1F2	flag Jamaica			jm, jamaica
🇯🇴	U+1F1EF+1F1F4	flag Jordan			jo, jordan
🇯🇵	U+1F1EF+1F1F5	flag Japan			jp, ja
🇰🇪	U+1F1F0+1F1EA	flag Kenya			ke, kenya
🇰🇬	U+1F1F0+1F1EC	flag Kyrgyzstan			kg, kyrgyzstan
🇰🇭	U+1F1F0+1F1ED	flag Cambodia			kh, cambodia
🇰🇮	U+1F1F0+1F1EE	flag Kiribati			ki, kiribati
🇰🇲	U+1F1F0+1F1F2	flag Comoros			km, comoros
🇰🇳	U+1F1F0+1F1F3	flag St. Kitts & Nevis			kitts, nevis
🇰🇵	U+1F1F0+1F1F5	flag North Korea			north
🇰🇷	U+1F1F0+1F1F7	flag South Korea			korea
🇰🇼	U+1F1F0+1F1FC	flag Kuwait			kw, kuwait
🇰🇾	U+1F1F0+1F1FE	flag Cayman Islands			cayman
🇰🇿	U+1F1F0+1F1FF	flag Kazakhstan			kz, kazakhstan
🇱🇦	U+1F1F1+1F1E6	flag Laos			lao, laos
🇱🇧	U+1F1F1+1F1E7	flag Lebanon			lb, lebanon
🇱🇨	U+1F1F1+1F1E8	flag St. Lucia			lucia
🇱🇮	U+1F1F1+1F1EE	flag Liechtenstein			li, liechtenstein
🇱🇰	U+1F1F1+1F1F0	flag Sri Lanka			sri, lanka
🇱🇷	U+1F1F1+1F1F7	flag Liberia			lr, liberia
🇱🇸	U+1F1F1+1F1F8	flag Lesotho			ls, lesotho
🇱🇹	U+1F1F1+1F1F9	flag Lithuania			lt, lithuania
🇱🇺	U+1F1F1+1F1FA	flag Luxembourg			lu, luxembourg
🇱🇻	U+1F1F1+1F1FB	flag Latvia			lv, latvia
🇱🇾	U+1F1F1+1F1FE	flag Libya			ly, libya
🇲🇦	U+1F1F2+1F1E6	flag Morocco			ma, morocco
🇲🇨	U+1F1F2+1F1E8	flag Monaco			mc, monaco
🇲🇩	U+1F1F2+1F1E9	flag Moldova			moldova
🇲🇪	U+1F1F2+1F1EA	flag Montenegro			me, montenegro
🇲🇫	U+1F1F2+1F1EB	flag St. Martin			
🇲🇬	U+1F1F2+1F1EC	flag Madagascar			mg, madagascar
🇲🇭	U+1F1F2+1F1ED	flag Marshall Islands			marshall
🇲🇰	U+1F1F2+1F1F0	flag North Macedonia			macedonia
🇲🇱	U+1F1F2+1F1F1	flag Mali			ml, mali
🇲🇲	U+1F1F2+1F1F2	flag Myanmar (Burma)			mm, myanmar
🇲🇳	U+1F1F2+1F1F3	flag Mongolia			mn, mongolia
🇲🇴	U+1F1F2+1F1F4	flag Macao SAR China			macao
🇲🇵	U+1F1F2+1F1F5	flag Northern Mariana Islands			northern, mariana
🇲🇶	U+1F1F2+1F1F6	flag Martinique			mq, martinique
🇲🇷	U+1F1F2+1F1F7	flag Mauritania			mr, mauritania
🇲🇸	U+1F1F2+1F1F8	flag Montserrat			ms, montserrat
🇲🇹	U+1F1F2+1F1F9	flag Malta			mt, malta
🇲🇺	U+1F1F2+1F1FA	flag Mauritius			mu, mauritius
🇲🇻	U+1F1F2+1F1FB	flag Maldives			mv, maldives
🇲🇼	U+1F1F2+1F1FC	flag Malawi			mw, malawi
🇲🇽	U+1F1F2+1F1FD	flag Mexico			mx
🇲🇾	U+1F1F2+1F1FE	flag Malaysia			my, malaysia
🇲🇿	U+1F1F2+1F1FF	flag Mozambique			mz, mozambique
🇳🇦	U+1F1F3+1F1E6	flag Namibia			na, namibia
🇳🇨	U+1F1F3+1F1E8	flag New Caledonia			new, caledonia
🇳🇪	U+1F1F3+1F1EA	flag Niger			ne, niger
🇳🇫	U+1F1F3+1F1EB	flag Norfolk Island			norfolk
🇳🇬	U+1F1F3+1F1EC	flag Nigeria			nigeria
🇳🇮	U+1F1F3+1F1EE	flag Nicaragua			ni, nicaragua
🇳🇱	U+1F1F3+1F1F1	flag Netherlands			nl, netherlands
🇳🇴	U+1F1F3+1F1F4	flag Norway			
🇳🇵	U+1F1F3+1F1F5	flag Nepal			np, nepal
🇳🇷	U+1F1F3+1F1F7	flag Nauru			nr, nauru
🇳🇺	U+1F1F3+1F1FA	flag Niue			nu, niue
🇳🇿	U+1F1F3+1F1FF	flag New Zealand			zealand
🇴🇲	U+1F1F4+1F1F2	flag Oman			oman
🇵🇦	U+1F1F5+1F1E6	flag Panama			pa, panama
🇵🇪	U+1F1F5+1F1EA	flag Peru			pe, peru
🇵🇫	U+1F1F5+1F1EB	flag French Polynesia			polynesia
🇵🇬	U+1F1F5+1F1EC	flag Papua New Guinea			papua
🇵🇭	U+1F1F5+1F1ED	flag Philippines			ph, philippines
🇵🇰	U+1F1F5+1F1F0	flag Pakistan			pk, pakistan
🇵🇱	U+1F1F5+1F1F1	flag Poland			pl, poland
🇵🇲	U+1F1F5+1F1F2	flag St. Pierre & Miquelon			pierre, miquelon
🇵🇳	U+1F1F5+1F1F3	flag Pitcairn Islands			pitcairn
🇵🇷	U+1F1F5+1F1F7	flag Puerto Rico			puerto, rico
🇵🇸	U+1F1F5+1F1F8	flag Palestinian Territories			palestine, palestinian
🇵🇹	U+1F1F5+1F1F9	flag Portugal			pt, portugal
🇵🇼	U+1F1F5+1F1FC	flag Palau			pw, palau
🇵🇾	U+1F1F5+1F1FE	flag Paraguay			py, paraguay
🇶🇦	U+1F1F6+1F1E6	flag Qatar			qa, qatar
🇷🇪	U+1F1F7+1F1EA	flag Réunion			réunion, reunion
🇷🇴	U+1F1F7+1F1F4	flag Romania			ro, romania
🇷🇸	U+1F1F7+1F1F8	flag Serbia			rs, serbia
🇷🇺	U+1F1F7+1F1FA	flag Russia			russian, federation, russia
🇷🇼	U+1F1F7+1F1FC	flag Rwanda			rw, rwanda
🇸🇦	U+1F1F8+1F1E6	flag Saudi Arabia			
🇸🇧	U+1F1F8+1F1E7	flag Solomon Islands			solomon
🇸🇨	U+1F1F8+1F1E8	flag Seychelles			sc, seychelles
🇸🇩	U+1F1F8+1F1E9	flag Sudan			sd, sudan
🇸🇪	U+1F1F8+1F1EA	flag Sweden			se
🇸🇬	U+1F1F8+1F1EC	flag Singapore			sg, singapore
🇸🇭	U+1F1F8+1F1ED	flag St. Helena			helena, ascension, tristan, cunha
🇸🇮	U+1F1F8+1F1EE	flag Slovenia			si, slovenia
🇸🇯	U+1F1F8+1F1EF	flag Svalbard & Jan Mayen			
🇸🇰	U+1F1F8+1F1F0	flag Slovakia			sk, slovakia
🇸🇱	U+1F1F8+1F1F1	flag Sierra Leone			sierra, leone
🇸🇲	U+1F1F8+1F1F2	flag San Marino			san, marino
🇸🇳	U+1F1F8+1F1F3	flag Senegal			sn, senegal
🇸🇴	U+1F1F8+1F1F4	flag Somalia			so, somalia
🇸🇷	U+1F1F8+1F1F7	flag Suriname			sr, suriname
🇸🇸	U+1F1F8+1F1F8	flag South Sudan			
🇸🇹	U+1F1F8+1F1F9	flag São Tomé & Príncipe			sao, tome, principe
🇸🇻	U+1F1F8+1F1FB	flag El Salvador			el, salvador
🇸🇽	U+1F1F8+1F1FD	flag Sint Maarten			sint, maarten, dutch
🇸🇾	U+1F1F8+1F1FE	flag Syria			syrian, syria
🇸🇿	U+1F1F8+1F1FF	flag Eswatini			sz, eswatini
🇹🇦	U+1F1F9+1F1E6	flag Tristan da Cunha			
🇹🇨	U+1F1F9+1F1E8	flag Turks & Caicos Islands			turks, caicos
🇹🇩	U+1F1F9+1F1E9	flag Chad			td, chad
🇹🇫	U+1F1F9+1F1EB	flag French Southern Territories			southern, territories
🇹🇬	U+1F1F9+1F1EC	flag Togo			tg, togo
🇹🇭	U+1F1F9+1F1ED	flag Thailand			thailand
🇹🇯	U+1F1F9+1F1EF	flag Tajikistan			tj, tajikistan
🇹🇰	U+1F1F9+1F1F0	flag Tokelau			tk, tokelau
🇹🇱	U+1F1F9+1F1F1	flag Timor-Leste			timor, leste
🇹🇲	U+1F1F9+1F1F2	flag Turkmenistan			turkmenistan
🇹🇳	U+1F1F9+1F1F3	flag Tunisia			tn, tunisia
🇹🇴	U+1F1F9+1F1F4	flag Tonga			to, tonga
🇹🇷	U+1F1F9+1F1F7	flag Türkiye			
🇹🇹	U+1F1F9+1F1F9	flag Trinidad & Tobago			trinidad, tobago
🇹🇻	U+1F1F9+1F1FB	flag Tuvalu			tuvalu
🇹🇼	U+1F1F9+1F1FC	flag Taiwan			tw
🇹🇿	U+1F1F9+1F1FF	flag Tanzania			tanzania
🇺🇦	U+1F1FA+1F1E6	flag Ukraine			ua, ukraine
🇺🇬	U+1F1FA+1F1EC	flag Uganda			ug, uganda
🇺🇲	U+1F1FA+1F1F2	flag U.S. Outlying Islands			
🇺🇳	U+1F1FA+1F1F3	flag United Nations			un
🇺🇸	U+1F1FA+1F1F8	flag United States			states
🇺🇾	U+1F1FA+1F1FE	flag Uruguay			uy, uruguay
🇺🇿	U+1F1FA+1F1FF	flag Uzbekistan			uz, uzbekistan
🇻🇦	U+1F1FB+1F1E6	flag Vatican City			vatican
🇻🇨	U+1F1FB+1F1E8	flag St. Vincent & Grenadines			vincent, grenadines
🇻🇪	U+1F1FB+1F1EA	flag Venezuela			ve, bolivarian, venezuela
🇻🇬	U+1F1FB+1F1EC	flag British Virgin Islands			virgin, bvi
🇻🇮	U+1F1FB+1F1EE	flag U.S. Virgin Islands			us
🇻🇳	U+1F1FB+1F1F3	flag Vietnam			vn, viet nam, vietnam
🇻🇺	U+1F1FB+1F1FA	flag Vanuatu			vu, vanuatu
🇼🇫	U+1F1FC+1F1EB	flag Wallis & Futuna			wallis, futuna
🇼🇸	U+1F1FC+1F1F8	flag Samoa			samoa
🇽🇰	U+1F1FD+1F1F0	flag Kosovo			xk, kosovo
🇾🇪	U+1F1FE+1F1EA	flag Yemen			ye, yemen
🇾🇹	U+1F1FE+1F1F9	flag Mayotte			yt, mayotte
🇿🇦	U+1F1FF+1F1E6	flag South Africa			africa
🇿🇲	U+1F1FF+1F1F2	flag Zambia			zm, zambia
🇿🇼	U+1F1FF+1F1FC	flag Zimbabwe			zw, zimbabwe
🏴󠁧󠁢󠁥󠁮󠁧󠁿	U+1F3F4+E0067+E0062+E0065+E006E+E0067+E007F	flag England			english
🏴󠁧󠁢󠁳󠁣󠁴󠁿	U+1F3F4+E0067+E0062+E0073+E0063+E0074+E007F	flag Scotland			scottish
🏴󠁧󠁢󠁷󠁬󠁳󠁿	U+1F3F4+E0067+E0062+E0077+E006C+E0073+E007F	flag Wales			welsh
